0,rank_icon_1,rank_icon_prestige_1,rank_icon_prestige_2,rank_icon_prestige_3,rank_icon_prestige_4,rank_icon_prestige_5,rank_icon_prestige_6,rank_icon_prestige_7,rank_icon_prestige_8,rank_icon_prestige_9,rank_icon_prestige_10,rank_icon_prestige_23,rank_icon_prestige_22,rank_icon_prestige_21,rank_icon_prestige_24,rank_icon_prestige_25,rank_icon_prestige_27,rank_icon_prestige_26,rank_icon_prestige_28,rank_icon_prestige_29,rank_icon_prestige_30,rank_icon_prestige_11,rank_icon_prestige_12,rank_icon_prestige_13,rank_icon_prestige_14,rank_icon_prestige_15,rank_icon_prestige_18,rank_icon_prestige_16,rank_icon_prestige_19,rank_icon_prestige_17,rank_icon_prestige_20
1,rank_icon_1,rank_icon_prestige_1,rank_icon_prestige_2,rank_icon_prestige_3,rank_icon_prestige_4,rank_icon_prestige_5,rank_icon_prestige_6,rank_icon_prestige_7,rank_icon_prestige_8,rank_icon_prestige_9,rank_icon_prestige_10,rank_icon_prestige_23,rank_icon_prestige_22,rank_icon_prestige_21,rank_icon_prestige_24,rank_icon_prestige_25,rank_icon_prestige_27,rank_icon_prestige_26,rank_icon_prestige_28,rank_icon_prestige_29,rank_icon_prestige_30,rank_icon_prestige_11,rank_icon_prestige_12,rank_icon_prestige_13,rank_icon_prestige_14,rank_icon_prestige_15,rank_icon_prestige_18,rank_icon_prestige_16,rank_icon_prestige_19,rank_icon_prestige_17,rank_icon_prestige_20
2,rank_icon_1,rank_icon_prestige_1,rank_icon_prestige_2,rank_icon_prestige_3,rank_icon_prestige_4,rank_icon_prestige_5,rank_icon_prestige_6,rank_icon_prestige_7,rank_icon_prestige_8,rank_icon_prestige_9,rank_icon_prestige_10,rank_icon_prestige_23,rank_icon_prestige_22,rank_icon_prestige_21,rank_icon_prestige_24,rank_icon_prestige_25,rank_icon_prestige_27,rank_icon_prestige_26,rank_icon_prestige_28,rank_icon_prestige_29,rank_icon_prestige_30,rank_icon_prestige_11,rank_icon_prestige_12,rank_icon_prestige_13,rank_icon_prestige_14,rank_icon_prestige_15,rank_icon_prestige_18,rank_icon_prestige_16,rank_icon_prestige_19,rank_icon_prestige_17,rank_icon_prestige_20
3,rank_icon_2,rank_icon_prestige_1,rank_icon_prestige_2,rank_icon_prestige_3,rank_icon_prestige_4,rank_icon_prestige_5,rank_icon_prestige_6,rank_icon_prestige_7,rank_icon_prestige_8,rank_icon_prestige_9,rank_icon_prestige_10,rank_icon_prestige_23,rank_icon_prestige_22,rank_icon_prestige_21,rank_icon_prestige_24,rank_icon_prestige_25,rank_icon_prestige_27,rank_icon_prestige_26,rank_icon_prestige_28,rank_icon_prestige_29,rank_icon_prestige_30,rank_icon_prestige_11,rank_icon_prestige_12,rank_icon_prestige_13,rank_icon_prestige_14,rank_icon_prestige_15,rank_icon_prestige_18,rank_icon_prestige_16,rank_icon_prestige_19,rank_icon_prestige_17,rank_icon_prestige_20
4,rank_icon_2,rank_icon_prestige_1,rank_icon_prestige_2,rank_icon_prestige_3,rank_icon_prestige_4,rank_icon_prestige_5,rank_icon_prestige_6,rank_icon_prestige_7,rank_icon_prestige_8,rank_icon_prestige_9,rank_icon_prestige_10,rank_icon_prestige_23,rank_icon_prestige_22,rank_icon_prestige_21,rank_icon_prestige_24,rank_icon_prestige_25,rank_icon_prestige_27,rank_icon_prestige_26,rank_icon_prestige_28,rank_icon_prestige_29,rank_icon_prestige_30,rank_icon_prestige_11,rank_icon_prestige_12,rank_icon_prestige_13,rank_icon_prestige_14,rank_icon_prestige_15,rank_icon_prestige_18,rank_icon_prestige_16,rank_icon_prestige_19,rank_icon_prestige_17,rank_icon_prestige_20
5,rank_icon_2,rank_icon_prestige_1,rank_icon_prestige_2,rank_icon_prestige_3,rank_icon_prestige_4,rank_icon_prestige_5,rank_icon_prestige_6,rank_icon_prestige_7,rank_icon_prestige_8,rank_icon_prestige_9,rank_icon_prestige_10,rank_icon_prestige_23,rank_icon_prestige_22,rank_icon_prestige_21,rank_icon_prestige_24,rank_icon_prestige_25,rank_icon_prestige_27,rank_icon_prestige_26,rank_icon_prestige_28,rank_icon_prestige_29,rank_icon_prestige_30,rank_icon_prestige_11,rank_icon_prestige_12,rank_icon_prestige_13,rank_icon_prestige_14,rank_icon_prestige_15,rank_icon_prestige_18,rank_icon_prestige_16,rank_icon_prestige_19,rank_icon_prestige_17,rank_icon_prestige_20
6,rank_icon_3,rank_icon_prestige_1,rank_icon_prestige_2,rank_icon_prestige_3,rank_icon_prestige_4,rank_icon_prestige_5,rank_icon_prestige_6,rank_icon_prestige_7,rank_icon_prestige_8,rank_icon_prestige_9,rank_icon_prestige_10,rank_icon_prestige_23,rank_icon_prestige_22,rank_icon_prestige_21,rank_icon_prestige_24,rank_icon_prestige_25,rank_icon_prestige_27,rank_icon_prestige_26,rank_icon_prestige_28,rank_icon_prestige_29,rank_icon_prestige_30,rank_icon_prestige_11,rank_icon_prestige_12,rank_icon_prestige_13,rank_icon_prestige_14,rank_icon_prestige_15,rank_icon_prestige_18,rank_icon_prestige_16,rank_icon_prestige_19,rank_icon_prestige_17,rank_icon_prestige_20
7,rank_icon_3,rank_icon_prestige_1,rank_icon_prestige_2,rank_icon_prestige_3,rank_icon_prestige_4,rank_icon_prestige_5,rank_icon_prestige_6,rank_icon_prestige_7,rank_icon_prestige_8,rank_icon_prestige_9,rank_icon_prestige_10,rank_icon_prestige_23,rank_icon_prestige_22,rank_icon_prestige_21,rank_icon_prestige_24,rank_icon_prestige_25,rank_icon_prestige_27,rank_icon_prestige_26,rank_icon_prestige_28,rank_icon_prestige_29,rank_icon_prestige_30,rank_icon_prestige_11,rank_icon_prestige_12,rank_icon_prestige_13,rank_icon_prestige_14,rank_icon_prestige_15,rank_icon_prestige_18,rank_icon_prestige_16,rank_icon_prestige_19,rank_icon_prestige_17,rank_icon_prestige_20
8,rank_icon_3,rank_icon_prestige_1,rank_icon_prestige_2,rank_icon_prestige_3,rank_icon_prestige_4,rank_icon_prestige_5,rank_icon_prestige_6,rank_icon_prestige_7,rank_icon_prestige_8,rank_icon_prestige_9,rank_icon_prestige_10,rank_icon_prestige_23,rank_icon_prestige_22,rank_icon_prestige_21,rank_icon_prestige_24,rank_icon_prestige_25,rank_icon_prestige_27,rank_icon_prestige_26,rank_icon_prestige_28,rank_icon_prestige_29,rank_icon_prestige_30,rank_icon_prestige_11,rank_icon_prestige_12,rank_icon_prestige_13,rank_icon_prestige_14,rank_icon_prestige_15,rank_icon_prestige_18,rank_icon_prestige_16,rank_icon_prestige_19,rank_icon_prestige_17,rank_icon_prestige_20
9,rank_icon_4,rank_icon_prestige_1,rank_icon_prestige_2,rank_icon_prestige_3,rank_icon_prestige_4,rank_icon_prestige_5,rank_icon_prestige_6,rank_icon_prestige_7,rank_icon_prestige_8,rank_icon_prestige_9,rank_icon_prestige_10,rank_icon_prestige_23,rank_icon_prestige_22,rank_icon_prestige_21,rank_icon_prestige_24,rank_icon_prestige_25,rank_icon_prestige_27,rank_icon_prestige_26,rank_icon_prestige_28,rank_icon_prestige_29,rank_icon_prestige_30,rank_icon_prestige_11,rank_icon_prestige_12,rank_icon_prestige_13,rank_icon_prestige_14,rank_icon_prestige_15,rank_icon_prestige_18,rank_icon_prestige_16,rank_icon_prestige_19,rank_icon_prestige_17,rank_icon_prestige_20
10,rank_icon_4,rank_icon_prestige_1,rank_icon_prestige_2,rank_icon_prestige_3,rank_icon_prestige_4,rank_icon_prestige_5,rank_icon_prestige_6,rank_icon_prestige_7,rank_icon_prestige_8,rank_icon_prestige_9,rank_icon_prestige_10,rank_icon_prestige_23,rank_icon_prestige_22,rank_icon_prestige_21,rank_icon_prestige_24,rank_icon_prestige_25,rank_icon_prestige_27,rank_icon_prestige_26,rank_icon_prestige_28,rank_icon_prestige_29,rank_icon_prestige_30,rank_icon_prestige_11,rank_icon_prestige_12,rank_icon_prestige_13,rank_icon_prestige_14,rank_icon_prestige_15,rank_icon_prestige_18,rank_icon_prestige_16,rank_icon_prestige_19,rank_icon_prestige_17,rank_icon_prestige_20
11,rank_icon_4,rank_icon_prestige_1,rank_icon_prestige_2,rank_icon_prestige_3,rank_icon_prestige_4,rank_icon_prestige_5,rank_icon_prestige_6,rank_icon_prestige_7,rank_icon_prestige_8,rank_icon_prestige_9,rank_icon_prestige_10,rank_icon_prestige_23,rank_icon_prestige_22,rank_icon_prestige_21,rank_icon_prestige_24,rank_icon_prestige_25,rank_icon_prestige_27,rank_icon_prestige_26,rank_icon_prestige_28,rank_icon_prestige_29,rank_icon_prestige_30,rank_icon_prestige_11,rank_icon_prestige_12,rank_icon_prestige_13,rank_icon_prestige_14,rank_icon_prestige_15,rank_icon_prestige_18,rank_icon_prestige_16,rank_icon_prestige_19,rank_icon_prestige_17,rank_icon_prestige_20
12,rank_icon_5,rank_icon_prestige_1,rank_icon_prestige_2,rank_icon_prestige_3,rank_icon_prestige_4,rank_icon_prestige_5,rank_icon_prestige_6,rank_icon_prestige_7,rank_icon_prestige_8,rank_icon_prestige_9,rank_icon_prestige_10,rank_icon_prestige_23,rank_icon_prestige_22,rank_icon_prestige_21,rank_icon_prestige_24,rank_icon_prestige_25,rank_icon_prestige_27,rank_icon_prestige_26,rank_icon_prestige_28,rank_icon_prestige_29,rank_icon_prestige_30,rank_icon_prestige_11,rank_icon_prestige_12,rank_icon_prestige_13,rank_icon_prestige_14,rank_icon_prestige_15,rank_icon_prestige_18,rank_icon_prestige_16,rank_icon_prestige_19,rank_icon_prestige_17,rank_icon_prestige_20
13,rank_icon_5,rank_icon_prestige_1,rank_icon_prestige_2,rank_icon_prestige_3,rank_icon_prestige_4,rank_icon_prestige_5,rank_icon_prestige_6,rank_icon_prestige_7,rank_icon_prestige_8,rank_icon_prestige_9,rank_icon_prestige_10,rank_icon_prestige_23,rank_icon_prestige_22,rank_icon_prestige_21,rank_icon_prestige_24,rank_icon_prestige_25,rank_icon_prestige_27,rank_icon_prestige_26,rank_icon_prestige_28,rank_icon_prestige_29,rank_icon_prestige_30,rank_icon_prestige_11,rank_icon_prestige_12,rank_icon_prestige_13,rank_icon_prestige_14,rank_icon_prestige_15,rank_icon_prestige_18,rank_icon_prestige_16,rank_icon_prestige_19,rank_icon_prestige_17,rank_icon_prestige_20
14,rank_icon_5,rank_icon_prestige_1,rank_icon_prestige_2,rank_icon_prestige_3,rank_icon_prestige_4,rank_icon_prestige_5,rank_icon_prestige_6,rank_icon_prestige_7,rank_icon_prestige_8,rank_icon_prestige_9,rank_icon_prestige_10,rank_icon_prestige_23,rank_icon_prestige_22,rank_icon_prestige_21,rank_icon_prestige_24,rank_icon_prestige_25,rank_icon_prestige_27,rank_icon_prestige_26,rank_icon_prestige_28,rank_icon_prestige_29,rank_icon_prestige_30,rank_icon_prestige_11,rank_icon_prestige_12,rank_icon_prestige_13,rank_icon_prestige_14,rank_icon_prestige_15,rank_icon_prestige_18,rank_icon_prestige_16,rank_icon_prestige_19,rank_icon_prestige_17,rank_icon_prestige_20
15,rank_icon_6,rank_icon_prestige_1,rank_icon_prestige_2,rank_icon_prestige_3,rank_icon_prestige_4,rank_icon_prestige_5,rank_icon_prestige_6,rank_icon_prestige_7,rank_icon_prestige_8,rank_icon_prestige_9,rank_icon_prestige_10,rank_icon_prestige_23,rank_icon_prestige_22,rank_icon_prestige_21,rank_icon_prestige_24,rank_icon_prestige_25,rank_icon_prestige_27,rank_icon_prestige_26,rank_icon_prestige_28,rank_icon_prestige_29,rank_icon_prestige_30,rank_icon_prestige_11,rank_icon_prestige_12,rank_icon_prestige_13,rank_icon_prestige_14,rank_icon_prestige_15,rank_icon_prestige_18,rank_icon_prestige_16,rank_icon_prestige_19,rank_icon_prestige_17,rank_icon_prestige_20
16,rank_icon_6,rank_icon_prestige_1,rank_icon_prestige_2,rank_icon_prestige_3,rank_icon_prestige_4,rank_icon_prestige_5,rank_icon_prestige_6,rank_icon_prestige_7,rank_icon_prestige_8,rank_icon_prestige_9,rank_icon_prestige_10,rank_icon_prestige_23,rank_icon_prestige_22,rank_icon_prestige_21,rank_icon_prestige_24,rank_icon_prestige_25,rank_icon_prestige_27,rank_icon_prestige_26,rank_icon_prestige_28,rank_icon_prestige_29,rank_icon_prestige_30,rank_icon_prestige_11,rank_icon_prestige_12,rank_icon_prestige_13,rank_icon_prestige_14,rank_icon_prestige_15,rank_icon_prestige_18,rank_icon_prestige_16,rank_icon_prestige_19,rank_icon_prestige_17,rank_icon_prestige_20
17,rank_icon_6,rank_icon_prestige_1,rank_icon_prestige_2,rank_icon_prestige_3,rank_icon_prestige_4,rank_icon_prestige_5,rank_icon_prestige_6,rank_icon_prestige_7,rank_icon_prestige_8,rank_icon_prestige_9,rank_icon_prestige_10,rank_icon_prestige_23,rank_icon_prestige_22,rank_icon_prestige_21,rank_icon_prestige_24,rank_icon_prestige_25,rank_icon_prestige_27,rank_icon_prestige_26,rank_icon_prestige_28,rank_icon_prestige_29,rank_icon_prestige_30,rank_icon_prestige_11,rank_icon_prestige_12,rank_icon_prestige_13,rank_icon_prestige_14,rank_icon_prestige_15,rank_icon_prestige_18,rank_icon_prestige_16,rank_icon_prestige_19,rank_icon_prestige_17,rank_icon_prestige_20
18,rank_icon_7,rank_icon_prestige_1,rank_icon_prestige_2,rank_icon_prestige_3,rank_icon_prestige_4,rank_icon_prestige_5,rank_icon_prestige_6,rank_icon_prestige_7,rank_icon_prestige_8,rank_icon_prestige_9,rank_icon_prestige_10,rank_icon_prestige_23,rank_icon_prestige_22,rank_icon_prestige_21,rank_icon_prestige_24,rank_icon_prestige_25,rank_icon_prestige_27,rank_icon_prestige_26,rank_icon_prestige_28,rank_icon_prestige_29,rank_icon_prestige_30,rank_icon_prestige_11,rank_icon_prestige_12,rank_icon_prestige_13,rank_icon_prestige_14,rank_icon_prestige_15,rank_icon_prestige_18,rank_icon_prestige_16,rank_icon_prestige_19,rank_icon_prestige_17,rank_icon_prestige_20
19,rank_icon_7,rank_icon_prestige_1,rank_icon_prestige_2,rank_icon_prestige_3,rank_icon_prestige_4,rank_icon_prestige_5,rank_icon_prestige_6,rank_icon_prestige_7,rank_icon_prestige_8,rank_icon_prestige_9,rank_icon_prestige_10,rank_icon_prestige_23,rank_icon_prestige_22,rank_icon_prestige_21,rank_icon_prestige_24,rank_icon_prestige_25,rank_icon_prestige_27,rank_icon_prestige_26,rank_icon_prestige_28,rank_icon_prestige_29,rank_icon_prestige_30,rank_icon_prestige_11,rank_icon_prestige_12,rank_icon_prestige_13,rank_icon_prestige_14,rank_icon_prestige_15,rank_icon_prestige_18,rank_icon_prestige_16,rank_icon_prestige_19,rank_icon_prestige_17,rank_icon_prestige_20
20,rank_icon_7,rank_icon_prestige_1,rank_icon_prestige_2,rank_icon_prestige_3,rank_icon_prestige_4,rank_icon_prestige_5,rank_icon_prestige_6,rank_icon_prestige_7,rank_icon_prestige_8,rank_icon_prestige_9,rank_icon_prestige_10,rank_icon_prestige_23,rank_icon_prestige_22,rank_icon_prestige_21,rank_icon_prestige_24,rank_icon_prestige_25,rank_icon_prestige_27,rank_icon_prestige_26,rank_icon_prestige_28,rank_icon_prestige_29,rank_icon_prestige_30,rank_icon_prestige_11,rank_icon_prestige_12,rank_icon_prestige_13,rank_icon_prestige_14,rank_icon_prestige_15,rank_icon_prestige_18,rank_icon_prestige_16,rank_icon_prestige_19,rank_icon_prestige_17,rank_icon_prestige_20
21,rank_icon_8,rank_icon_prestige_1,rank_icon_prestige_2,rank_icon_prestige_3,rank_icon_prestige_4,rank_icon_prestige_5,rank_icon_prestige_6,rank_icon_prestige_7,rank_icon_prestige_8,rank_icon_prestige_9,rank_icon_prestige_10,rank_icon_prestige_23,rank_icon_prestige_22,rank_icon_prestige_21,rank_icon_prestige_24,rank_icon_prestige_25,rank_icon_prestige_27,rank_icon_prestige_26,rank_icon_prestige_28,rank_icon_prestige_29,rank_icon_prestige_30,rank_icon_prestige_11,rank_icon_prestige_12,rank_icon_prestige_13,rank_icon_prestige_14,rank_icon_prestige_15,rank_icon_prestige_18,rank_icon_prestige_16,rank_icon_prestige_19,rank_icon_prestige_17,rank_icon_prestige_20
22,rank_icon_8,rank_icon_prestige_1,rank_icon_prestige_2,rank_icon_prestige_3,rank_icon_prestige_4,rank_icon_prestige_5,rank_icon_prestige_6,rank_icon_prestige_7,rank_icon_prestige_8,rank_icon_prestige_9,rank_icon_prestige_10,rank_icon_prestige_23,rank_icon_prestige_22,rank_icon_prestige_21,rank_icon_prestige_24,rank_icon_prestige_25,rank_icon_prestige_27,rank_icon_prestige_26,rank_icon_prestige_28,rank_icon_prestige_29,rank_icon_prestige_30,rank_icon_prestige_11,rank_icon_prestige_12,rank_icon_prestige_13,rank_icon_prestige_14,rank_icon_prestige_15,rank_icon_prestige_18,rank_icon_prestige_16,rank_icon_prestige_19,rank_icon_prestige_17,rank_icon_prestige_20
23,rank_icon_8,rank_icon_prestige_1,rank_icon_prestige_2,rank_icon_prestige_3,rank_icon_prestige_4,rank_icon_prestige_5,rank_icon_prestige_6,rank_icon_prestige_7,rank_icon_prestige_8,rank_icon_prestige_9,rank_icon_prestige_10,rank_icon_prestige_23,rank_icon_prestige_22,rank_icon_prestige_21,rank_icon_prestige_24,rank_icon_prestige_25,rank_icon_prestige_27,rank_icon_prestige_26,rank_icon_prestige_28,rank_icon_prestige_29,rank_icon_prestige_30,rank_icon_prestige_11,rank_icon_prestige_12,rank_icon_prestige_13,rank_icon_prestige_14,rank_icon_prestige_15,rank_icon_prestige_18,rank_icon_prestige_16,rank_icon_prestige_19,rank_icon_prestige_17,rank_icon_prestige_20
24,rank_icon_9,rank_icon_prestige_1,rank_icon_prestige_2,rank_icon_prestige_3,rank_icon_prestige_4,rank_icon_prestige_5,rank_icon_prestige_6,rank_icon_prestige_7,rank_icon_prestige_8,rank_icon_prestige_9,rank_icon_prestige_10,rank_icon_prestige_23,rank_icon_prestige_22,rank_icon_prestige_21,rank_icon_prestige_24,rank_icon_prestige_25,rank_icon_prestige_27,rank_icon_prestige_26,rank_icon_prestige_28,rank_icon_prestige_29,rank_icon_prestige_30,rank_icon_prestige_11,rank_icon_prestige_12,rank_icon_prestige_13,rank_icon_prestige_14,rank_icon_prestige_15,rank_icon_prestige_18,rank_icon_prestige_16,rank_icon_prestige_19,rank_icon_prestige_17,rank_icon_prestige_20
25,rank_icon_9,rank_icon_prestige_1,rank_icon_prestige_2,rank_icon_prestige_3,rank_icon_prestige_4,rank_icon_prestige_5,rank_icon_prestige_6,rank_icon_prestige_7,rank_icon_prestige_8,rank_icon_prestige_9,rank_icon_prestige_10,rank_icon_prestige_23,rank_icon_prestige_22,rank_icon_prestige_21,rank_icon_prestige_24,rank_icon_prestige_25,rank_icon_prestige_27,rank_icon_prestige_26,rank_icon_prestige_28,rank_icon_prestige_29,rank_icon_prestige_30,rank_icon_prestige_11,rank_icon_prestige_12,rank_icon_prestige_13,rank_icon_prestige_14,rank_icon_prestige_15,rank_icon_prestige_18,rank_icon_prestige_16,rank_icon_prestige_19,rank_icon_prestige_17,rank_icon_prestige_20
26,rank_icon_9,rank_icon_prestige_1,rank_icon_prestige_2,rank_icon_prestige_3,rank_icon_prestige_4,rank_icon_prestige_5,rank_icon_prestige_6,rank_icon_prestige_7,rank_icon_prestige_8,rank_icon_prestige_9,rank_icon_prestige_10,rank_icon_prestige_23,rank_icon_prestige_22,rank_icon_prestige_21,rank_icon_prestige_24,rank_icon_prestige_25,rank_icon_prestige_27,rank_icon_prestige_26,rank_icon_prestige_28,rank_icon_prestige_29,rank_icon_prestige_30,rank_icon_prestige_11,rank_icon_prestige_12,rank_icon_prestige_13,rank_icon_prestige_14,rank_icon_prestige_15,rank_icon_prestige_18,rank_icon_prestige_16,rank_icon_prestige_19,rank_icon_prestige_17,rank_icon_prestige_20
27,rank_icon_10,rank_icon_prestige_1,rank_icon_prestige_2,rank_icon_prestige_3,rank_icon_prestige_4,rank_icon_prestige_5,rank_icon_prestige_6,rank_icon_prestige_7,rank_icon_prestige_8,rank_icon_prestige_9,rank_icon_prestige_10,rank_icon_prestige_23,rank_icon_prestige_22,rank_icon_prestige_21,rank_icon_prestige_24,rank_icon_prestige_25,rank_icon_prestige_27,rank_icon_prestige_26,rank_icon_prestige_28,rank_icon_prestige_29,rank_icon_prestige_30,rank_icon_prestige_11,rank_icon_prestige_12,rank_icon_prestige_13,rank_icon_prestige_14,rank_icon_prestige_15,rank_icon_prestige_18,rank_icon_prestige_16,rank_icon_prestige_19,rank_icon_prestige_17,rank_icon_prestige_20
28,rank_icon_10,rank_icon_prestige_1,rank_icon_prestige_2,rank_icon_prestige_3,rank_icon_prestige_4,rank_icon_prestige_5,rank_icon_prestige_6,rank_icon_prestige_7,rank_icon_prestige_8,rank_icon_prestige_9,rank_icon_prestige_10,rank_icon_prestige_23,rank_icon_prestige_22,rank_icon_prestige_21,rank_icon_prestige_24,rank_icon_prestige_25,rank_icon_prestige_27,rank_icon_prestige_26,rank_icon_prestige_28,rank_icon_prestige_29,rank_icon_prestige_30,rank_icon_prestige_11,rank_icon_prestige_12,rank_icon_prestige_13,rank_icon_prestige_14,rank_icon_prestige_15,rank_icon_prestige_18,rank_icon_prestige_16,rank_icon_prestige_19,rank_icon_prestige_17,rank_icon_prestige_20
29,rank_icon_11,rank_icon_prestige_1,rank_icon_prestige_2,rank_icon_prestige_3,rank_icon_prestige_4,rank_icon_prestige_5,rank_icon_prestige_6,rank_icon_prestige_7,rank_icon_prestige_8,rank_icon_prestige_9,rank_icon_prestige_10,rank_icon_prestige_23,rank_icon_prestige_22,rank_icon_prestige_21,rank_icon_prestige_24,rank_icon_prestige_25,rank_icon_prestige_27,rank_icon_prestige_26,rank_icon_prestige_28,rank_icon_prestige_29,rank_icon_prestige_30,rank_icon_prestige_11,rank_icon_prestige_12,rank_icon_prestige_13,rank_icon_prestige_14,rank_icon_prestige_15,rank_icon_prestige_18,rank_icon_prestige_16,rank_icon_prestige_19,rank_icon_prestige_17,rank_icon_prestige_20
30,rank_icon_11,rank_icon_prestige_1,rank_icon_prestige_2,rank_icon_prestige_3,rank_icon_prestige_4,rank_icon_prestige_5,rank_icon_prestige_6,rank_icon_prestige_7,rank_icon_prestige_8,rank_icon_prestige_9,rank_icon_prestige_10,rank_icon_prestige_23,rank_icon_prestige_22,rank_icon_prestige_21,rank_icon_prestige_24,rank_icon_prestige_25,rank_icon_prestige_27,rank_icon_prestige_26,rank_icon_prestige_28,rank_icon_prestige_29,rank_icon_prestige_30,rank_icon_prestige_11,rank_icon_prestige_12,rank_icon_prestige_13,rank_icon_prestige_14,rank_icon_prestige_15,rank_icon_prestige_18,rank_icon_prestige_16,rank_icon_prestige_19,rank_icon_prestige_17,rank_icon_prestige_20
31,rank_icon_12,rank_icon_prestige_1,rank_icon_prestige_2,rank_icon_prestige_3,rank_icon_prestige_4,rank_icon_prestige_5,rank_icon_prestige_6,rank_icon_prestige_7,rank_icon_prestige_8,rank_icon_prestige_9,rank_icon_prestige_10,rank_icon_prestige_23,rank_icon_prestige_22,rank_icon_prestige_21,rank_icon_prestige_24,rank_icon_prestige_25,rank_icon_prestige_27,rank_icon_prestige_26,rank_icon_prestige_28,rank_icon_prestige_29,rank_icon_prestige_30,rank_icon_prestige_11,rank_icon_prestige_12,rank_icon_prestige_13,rank_icon_prestige_14,rank_icon_prestige_15,rank_icon_prestige_18,rank_icon_prestige_16,rank_icon_prestige_19,rank_icon_prestige_17,rank_icon_prestige_20
32,rank_icon_12,rank_icon_prestige_1,rank_icon_prestige_2,rank_icon_prestige_3,rank_icon_prestige_4,rank_icon_prestige_5,rank_icon_prestige_6,rank_icon_prestige_7,rank_icon_prestige_8,rank_icon_prestige_9,rank_icon_prestige_10,rank_icon_prestige_23,rank_icon_prestige_22,rank_icon_prestige_21,rank_icon_prestige_24,rank_icon_prestige_25,rank_icon_prestige_27,rank_icon_prestige_26,rank_icon_prestige_28,rank_icon_prestige_29,rank_icon_prestige_30,rank_icon_prestige_11,rank_icon_prestige_12,rank_icon_prestige_13,rank_icon_prestige_14,rank_icon_prestige_15,rank_icon_prestige_18,rank_icon_prestige_16,rank_icon_prestige_19,rank_icon_prestige_17,rank_icon_prestige_20
33,rank_icon_13,rank_icon_prestige_1,rank_icon_prestige_2,rank_icon_prestige_3,rank_icon_prestige_4,rank_icon_prestige_5,rank_icon_prestige_6,rank_icon_prestige_7,rank_icon_prestige_8,rank_icon_prestige_9,rank_icon_prestige_10,rank_icon_prestige_23,rank_icon_prestige_22,rank_icon_prestige_21,rank_icon_prestige_24,rank_icon_prestige_25,rank_icon_prestige_27,rank_icon_prestige_26,rank_icon_prestige_28,rank_icon_prestige_29,rank_icon_prestige_30,rank_icon_prestige_11,rank_icon_prestige_12,rank_icon_prestige_13,rank_icon_prestige_14,rank_icon_prestige_15,rank_icon_prestige_18,rank_icon_prestige_16,rank_icon_prestige_19,rank_icon_prestige_17,rank_icon_prestige_20
34,rank_icon_13,rank_icon_prestige_1,rank_icon_prestige_2,rank_icon_prestige_3,rank_icon_prestige_4,rank_icon_prestige_5,rank_icon_prestige_6,rank_icon_prestige_7,rank_icon_prestige_8,rank_icon_prestige_9,rank_icon_prestige_10,rank_icon_prestige_23,rank_icon_prestige_22,rank_icon_prestige_21,rank_icon_prestige_24,rank_icon_prestige_25,rank_icon_prestige_27,rank_icon_prestige_26,rank_icon_prestige_28,rank_icon_prestige_29,rank_icon_prestige_30,rank_icon_prestige_11,rank_icon_prestige_12,rank_icon_prestige_13,rank_icon_prestige_14,rank_icon_prestige_15,rank_icon_prestige_18,rank_icon_prestige_16,rank_icon_prestige_19,rank_icon_prestige_17,rank_icon_prestige_20
35,rank_icon_14,rank_icon_prestige_1,rank_icon_prestige_2,rank_icon_prestige_3,rank_icon_prestige_4,rank_icon_prestige_5,rank_icon_prestige_6,rank_icon_prestige_7,rank_icon_prestige_8,rank_icon_prestige_9,rank_icon_prestige_10,rank_icon_prestige_23,rank_icon_prestige_22,rank_icon_prestige_21,rank_icon_prestige_24,rank_icon_prestige_25,rank_icon_prestige_27,rank_icon_prestige_26,rank_icon_prestige_28,rank_icon_prestige_29,rank_icon_prestige_30,rank_icon_prestige_11,rank_icon_prestige_12,rank_icon_prestige_13,rank_icon_prestige_14,rank_icon_prestige_15,rank_icon_prestige_18,rank_icon_prestige_16,rank_icon_prestige_19,rank_icon_prestige_17,rank_icon_prestige_20
36,rank_icon_14,rank_icon_prestige_1,rank_icon_prestige_2,rank_icon_prestige_3,rank_icon_prestige_4,rank_icon_prestige_5,rank_icon_prestige_6,rank_icon_prestige_7,rank_icon_prestige_8,rank_icon_prestige_9,rank_icon_prestige_10,rank_icon_prestige_23,rank_icon_prestige_22,rank_icon_prestige_21,rank_icon_prestige_24,rank_icon_prestige_25,rank_icon_prestige_27,rank_icon_prestige_26,rank_icon_prestige_28,rank_icon_prestige_29,rank_icon_prestige_30,rank_icon_prestige_11,rank_icon_prestige_12,rank_icon_prestige_13,rank_icon_prestige_14,rank_icon_prestige_15,rank_icon_prestige_18,rank_icon_prestige_16,rank_icon_prestige_19,rank_icon_prestige_17,rank_icon_prestige_20
37,rank_icon_15,rank_icon_prestige_1,rank_icon_prestige_2,rank_icon_prestige_3,rank_icon_prestige_4,rank_icon_prestige_5,rank_icon_prestige_6,rank_icon_prestige_7,rank_icon_prestige_8,rank_icon_prestige_9,rank_icon_prestige_10,rank_icon_prestige_23,rank_icon_prestige_22,rank_icon_prestige_21,rank_icon_prestige_24,rank_icon_prestige_25,rank_icon_prestige_27,rank_icon_prestige_26,rank_icon_prestige_28,rank_icon_prestige_29,rank_icon_prestige_30,rank_icon_prestige_11,rank_icon_prestige_12,rank_icon_prestige_13,rank_icon_prestige_14,rank_icon_prestige_15,rank_icon_prestige_18,rank_icon_prestige_16,rank_icon_prestige_19,rank_icon_prestige_17,rank_icon_prestige_20
38,rank_icon_15,rank_icon_prestige_1,rank_icon_prestige_2,rank_icon_prestige_3,rank_icon_prestige_4,rank_icon_prestige_5,rank_icon_prestige_6,rank_icon_prestige_7,rank_icon_prestige_8,rank_icon_prestige_9,rank_icon_prestige_10,rank_icon_prestige_23,rank_icon_prestige_22,rank_icon_prestige_21,rank_icon_prestige_24,rank_icon_prestige_25,rank_icon_prestige_27,rank_icon_prestige_26,rank_icon_prestige_28,rank_icon_prestige_29,rank_icon_prestige_30,rank_icon_prestige_11,rank_icon_prestige_12,rank_icon_prestige_13,rank_icon_prestige_14,rank_icon_prestige_15,rank_icon_prestige_18,rank_icon_prestige_16,rank_icon_prestige_19,rank_icon_prestige_17,rank_icon_prestige_20
39,rank_icon_16,rank_icon_prestige_1,rank_icon_prestige_2,rank_icon_prestige_3,rank_icon_prestige_4,rank_icon_prestige_5,rank_icon_prestige_6,rank_icon_prestige_7,rank_icon_prestige_8,rank_icon_prestige_9,rank_icon_prestige_10,rank_icon_prestige_23,rank_icon_prestige_22,rank_icon_prestige_21,rank_icon_prestige_24,rank_icon_prestige_25,rank_icon_prestige_27,rank_icon_prestige_26,rank_icon_prestige_28,rank_icon_prestige_29,rank_icon_prestige_30,rank_icon_prestige_11,rank_icon_prestige_12,rank_icon_prestige_13,rank_icon_prestige_14,rank_icon_prestige_15,rank_icon_prestige_18,rank_icon_prestige_16,rank_icon_prestige_19,rank_icon_prestige_17,rank_icon_prestige_20
40,rank_icon_16,rank_icon_prestige_1,rank_icon_prestige_2,rank_icon_prestige_3,rank_icon_prestige_4,rank_icon_prestige_5,rank_icon_prestige_6,rank_icon_prestige_7,rank_icon_prestige_8,rank_icon_prestige_9,rank_icon_prestige_10,rank_icon_prestige_23,rank_icon_prestige_22,rank_icon_prestige_21,rank_icon_prestige_24,rank_icon_prestige_25,rank_icon_prestige_27,rank_icon_prestige_26,rank_icon_prestige_28,rank_icon_prestige_29,rank_icon_prestige_30,rank_icon_prestige_11,rank_icon_prestige_12,rank_icon_prestige_13,rank_icon_prestige_14,rank_icon_prestige_15,rank_icon_prestige_18,rank_icon_prestige_16,rank_icon_prestige_19,rank_icon_prestige_17,rank_icon_prestige_20
41,rank_icon_17,rank_icon_prestige_1,rank_icon_prestige_2,rank_icon_prestige_3,rank_icon_prestige_4,rank_icon_prestige_5,rank_icon_prestige_6,rank_icon_prestige_7,rank_icon_prestige_8,rank_icon_prestige_9,rank_icon_prestige_10,rank_icon_prestige_23,rank_icon_prestige_22,rank_icon_prestige_21,rank_icon_prestige_24,rank_icon_prestige_25,rank_icon_prestige_27,rank_icon_prestige_26,rank_icon_prestige_28,rank_icon_prestige_29,rank_icon_prestige_30,rank_icon_prestige_11,rank_icon_prestige_12,rank_icon_prestige_13,rank_icon_prestige_14,rank_icon_prestige_15,rank_icon_prestige_18,rank_icon_prestige_16,rank_icon_prestige_19,rank_icon_prestige_17,rank_icon_prestige_20
42,rank_icon_17,rank_icon_prestige_1,rank_icon_prestige_2,rank_icon_prestige_3,rank_icon_prestige_4,rank_icon_prestige_5,rank_icon_prestige_6,rank_icon_prestige_7,rank_icon_prestige_8,rank_icon_prestige_9,rank_icon_prestige_10,rank_icon_prestige_23,rank_icon_prestige_22,rank_icon_prestige_21,rank_icon_prestige_24,rank_icon_prestige_25,rank_icon_prestige_27,rank_icon_prestige_26,rank_icon_prestige_28,rank_icon_prestige_29,rank_icon_prestige_30,rank_icon_prestige_11,rank_icon_prestige_12,rank_icon_prestige_13,rank_icon_prestige_14,rank_icon_prestige_15,rank_icon_prestige_18,rank_icon_prestige_16,rank_icon_prestige_19,rank_icon_prestige_17,rank_icon_prestige_20
43,rank_icon_18,rank_icon_prestige_1,rank_icon_prestige_2,rank_icon_prestige_3,rank_icon_prestige_4,rank_icon_prestige_5,rank_icon_prestige_6,rank_icon_prestige_7,rank_icon_prestige_8,rank_icon_prestige_9,rank_icon_prestige_10,rank_icon_prestige_23,rank_icon_prestige_22,rank_icon_prestige_21,rank_icon_prestige_24,rank_icon_prestige_25,rank_icon_prestige_27,rank_icon_prestige_26,rank_icon_prestige_28,rank_icon_prestige_29,rank_icon_prestige_30,rank_icon_prestige_11,rank_icon_prestige_12,rank_icon_prestige_13,rank_icon_prestige_14,rank_icon_prestige_15,rank_icon_prestige_18,rank_icon_prestige_16,rank_icon_prestige_19,rank_icon_prestige_17,rank_icon_prestige_20
44,rank_icon_18,rank_icon_prestige_1,rank_icon_prestige_2,rank_icon_prestige_3,rank_icon_prestige_4,rank_icon_prestige_5,rank_icon_prestige_6,rank_icon_prestige_7,rank_icon_prestige_8,rank_icon_prestige_9,rank_icon_prestige_10,rank_icon_prestige_23,rank_icon_prestige_22,rank_icon_prestige_21,rank_icon_prestige_24,rank_icon_prestige_25,rank_icon_prestige_27,rank_icon_prestige_26,rank_icon_prestige_28,rank_icon_prestige_29,rank_icon_prestige_30,rank_icon_prestige_11,rank_icon_prestige_12,rank_icon_prestige_13,rank_icon_prestige_14,rank_icon_prestige_15,rank_icon_prestige_18,rank_icon_prestige_16,rank_icon_prestige_19,rank_icon_prestige_17,rank_icon_prestige_20
45,rank_icon_19,rank_icon_prestige_1,rank_icon_prestige_2,rank_icon_prestige_3,rank_icon_prestige_4,rank_icon_prestige_5,rank_icon_prestige_6,rank_icon_prestige_7,rank_icon_prestige_8,rank_icon_prestige_9,rank_icon_prestige_10,rank_icon_prestige_23,rank_icon_prestige_22,rank_icon_prestige_21,rank_icon_prestige_24,rank_icon_prestige_25,rank_icon_prestige_27,rank_icon_prestige_26,rank_icon_prestige_28,rank_icon_prestige_29,rank_icon_prestige_30,rank_icon_prestige_11,rank_icon_prestige_12,rank_icon_prestige_13,rank_icon_prestige_14,rank_icon_prestige_15,rank_icon_prestige_18,rank_icon_prestige_16,rank_icon_prestige_19,rank_icon_prestige_17,rank_icon_prestige_20
46,rank_icon_19,rank_icon_prestige_1,rank_icon_prestige_2,rank_icon_prestige_3,rank_icon_prestige_4,rank_icon_prestige_5,rank_icon_prestige_6,rank_icon_prestige_7,rank_icon_prestige_8,rank_icon_prestige_9,rank_icon_prestige_10,rank_icon_prestige_23,rank_icon_prestige_22,rank_icon_prestige_21,rank_icon_prestige_24,rank_icon_prestige_25,rank_icon_prestige_27,rank_icon_prestige_26,rank_icon_prestige_28,rank_icon_prestige_29,rank_icon_prestige_30,rank_icon_prestige_11,rank_icon_prestige_12,rank_icon_prestige_13,rank_icon_prestige_14,rank_icon_prestige_15,rank_icon_prestige_18,rank_icon_prestige_16,rank_icon_prestige_19,rank_icon_prestige_17,rank_icon_prestige_20
47,rank_icon_20,rank_icon_prestige_1,rank_icon_prestige_2,rank_icon_prestige_3,rank_icon_prestige_4,rank_icon_prestige_5,rank_icon_prestige_6,rank_icon_prestige_7,rank_icon_prestige_8,rank_icon_prestige_9,rank_icon_prestige_10,rank_icon_prestige_23,rank_icon_prestige_22,rank_icon_prestige_21,rank_icon_prestige_24,rank_icon_prestige_25,rank_icon_prestige_27,rank_icon_prestige_26,rank_icon_prestige_28,rank_icon_prestige_29,rank_icon_prestige_30,rank_icon_prestige_11,rank_icon_prestige_12,rank_icon_prestige_13,rank_icon_prestige_14,rank_icon_prestige_15,rank_icon_prestige_18,rank_icon_prestige_16,rank_icon_prestige_19,rank_icon_prestige_17,rank_icon_prestige_20
48,rank_icon_20,rank_icon_prestige_1,rank_icon_prestige_2,rank_icon_prestige_3,rank_icon_prestige_4,rank_icon_prestige_5,rank_icon_prestige_6,rank_icon_prestige_7,rank_icon_prestige_8,rank_icon_prestige_9,rank_icon_prestige_10,rank_icon_prestige_23,rank_icon_prestige_22,rank_icon_prestige_21,rank_icon_prestige_24,rank_icon_prestige_25,rank_icon_prestige_27,rank_icon_prestige_26,rank_icon_prestige_28,rank_icon_prestige_29,rank_icon_prestige_30,rank_icon_prestige_11,rank_icon_prestige_12,rank_icon_prestige_13,rank_icon_prestige_14,rank_icon_prestige_15,rank_icon_prestige_18,rank_icon_prestige_16,rank_icon_prestige_19,rank_icon_prestige_17,rank_icon_prestige_20
49,rank_icon_21,rank_icon_prestige_1,rank_icon_prestige_2,rank_icon_prestige_3,rank_icon_prestige_4,rank_icon_prestige_5,rank_icon_prestige_6,rank_icon_prestige_7,rank_icon_prestige_8,rank_icon_prestige_9,rank_icon_prestige_10,rank_icon_prestige_23,rank_icon_prestige_22,rank_icon_prestige_21,rank_icon_prestige_24,rank_icon_prestige_25,rank_icon_prestige_27,rank_icon_prestige_26,rank_icon_prestige_28,rank_icon_prestige_29,rank_icon_prestige_30,rank_icon_prestige_11,rank_icon_prestige_12,rank_icon_prestige_13,rank_icon_prestige_14,rank_icon_prestige_15,rank_icon_prestige_18,rank_icon_prestige_16,rank_icon_prestige_19,rank_icon_prestige_17,rank_icon_prestige_20
50,rank_icon_21,rank_icon_prestige_1,rank_icon_prestige_2,rank_icon_prestige_3,rank_icon_prestige_4,rank_icon_prestige_5,rank_icon_prestige_6,rank_icon_prestige_7,rank_icon_prestige_8,rank_icon_prestige_9,rank_icon_prestige_10,rank_icon_prestige_23,rank_icon_prestige_22,rank_icon_prestige_21,rank_icon_prestige_24,rank_icon_prestige_25,rank_icon_prestige_27,rank_icon_prestige_26,rank_icon_prestige_28,rank_icon_prestige_29,rank_icon_prestige_30,rank_icon_prestige_11,rank_icon_prestige_12,rank_icon_prestige_13,rank_icon_prestige_14,rank_icon_prestige_15,rank_icon_prestige_18,rank_icon_prestige_16,rank_icon_prestige_19,rank_icon_prestige_17,rank_icon_prestige_20
51,rank_icon_22,rank_icon_prestige_1,rank_icon_prestige_2,rank_icon_prestige_3,rank_icon_prestige_4,rank_icon_prestige_5,rank_icon_prestige_6,rank_icon_prestige_7,rank_icon_prestige_8,rank_icon_prestige_9,rank_icon_prestige_10,rank_icon_prestige_23,rank_icon_prestige_22,rank_icon_prestige_21,rank_icon_prestige_24,rank_icon_prestige_25,rank_icon_prestige_27,rank_icon_prestige_26,rank_icon_prestige_28,rank_icon_prestige_29,rank_icon_prestige_30,rank_icon_prestige_11,rank_icon_prestige_12,rank_icon_prestige_13,rank_icon_prestige_14,rank_icon_prestige_15,rank_icon_prestige_18,rank_icon_prestige_16,rank_icon_prestige_19,rank_icon_prestige_17,rank_icon_prestige_20
52,rank_icon_22,rank_icon_prestige_1,rank_icon_prestige_2,rank_icon_prestige_3,rank_icon_prestige_4,rank_icon_prestige_5,rank_icon_prestige_6,rank_icon_prestige_7,rank_icon_prestige_8,rank_icon_prestige_9,rank_icon_prestige_10,rank_icon_prestige_23,rank_icon_prestige_22,rank_icon_prestige_21,rank_icon_prestige_24,rank_icon_prestige_25,rank_icon_prestige_27,rank_icon_prestige_26,rank_icon_prestige_28,rank_icon_prestige_29,rank_icon_prestige_30,rank_icon_prestige_11,rank_icon_prestige_12,rank_icon_prestige_13,rank_icon_prestige_14,rank_icon_prestige_15,rank_icon_prestige_18,rank_icon_prestige_16,rank_icon_prestige_19,rank_icon_prestige_17,rank_icon_prestige_20
53,rank_icon_23,rank_icon_prestige_1,rank_icon_prestige_2,rank_icon_prestige_3,rank_icon_prestige_4,rank_icon_prestige_5,rank_icon_prestige_6,rank_icon_prestige_7,rank_icon_prestige_8,rank_icon_prestige_9,rank_icon_prestige_10,rank_icon_prestige_23,rank_icon_prestige_22,rank_icon_prestige_21,rank_icon_prestige_24,rank_icon_prestige_25,rank_icon_prestige_27,rank_icon_prestige_26,rank_icon_prestige_28,rank_icon_prestige_29,rank_icon_prestige_30,rank_icon_prestige_11,rank_icon_prestige_12,rank_icon_prestige_13,rank_icon_prestige_14,rank_icon_prestige_15,rank_icon_prestige_18,rank_icon_prestige_16,rank_icon_prestige_19,rank_icon_prestige_17,rank_icon_prestige_20
54,rank_icon_23,rank_icon_prestige_1,rank_icon_prestige_2,rank_icon_prestige_3,rank_icon_prestige_4,rank_icon_prestige_5,rank_icon_prestige_6,rank_icon_prestige_7,rank_icon_prestige_8,rank_icon_prestige_9,rank_icon_prestige_10,rank_icon_prestige_23,rank_icon_prestige_22,rank_icon_prestige_21,rank_icon_prestige_24,rank_icon_prestige_25,rank_icon_prestige_27,rank_icon_prestige_26,rank_icon_prestige_28,rank_icon_prestige_29,rank_icon_prestige_30,rank_icon_prestige_11,rank_icon_prestige_12,rank_icon_prestige_13,rank_icon_prestige_14,rank_icon_prestige_15,rank_icon_prestige_18,rank_icon_prestige_16,rank_icon_prestige_19,rank_icon_prestige_17,rank_icon_prestige_20
