iw7_mp_quartermaster_acknowledge_common_drop_01,qm_item_common_01
iw7_mp_quartermaster_acknowledge_common_drop_01,qm_item_common_02
iw7_mp_quartermaster_acknowledge_common_drop_01,qm_item_common_03
iw7_mp_quartermaster_acknowledge_common_drop_01,qm_item_common_04
iw7_mp_quartermaster_acknowledge_common_drop_01,qm_item_common_05
iw7_mp_quartermaster_acknowledge_common_drop_01,qm_item_common_06
iw7_mp_quartermaster_acknowledge_common_drop_01,qm_item_common_07
iw7_mp_quartermaster_acknowledge_common_drop_01,qm_item_common_08
iw7_mp_quartermaster_acknowledge_common_drop_01,qm_item_common_09
iw7_mp_quartermaster_acknowledge_common_drop_01,qm_item_common_10
iw7_mp_quartermaster_acknowledge_common_drop_01,qm_item_common_12
