0,rank_icon_splash_1,rank_icon_prestige_splash_1,rank_icon_prestige_splash_2,rank_icon_prestige_splash_3,rank_icon_prestige_splash_4,rank_icon_prestige_splash_5,rank_icon_prestige_splash_6,rank_icon_prestige_splash_7,rank_icon_prestige_splash_8,rank_icon_prestige_splash_9,rank_icon_prestige_splash_10,rank_icon_prestige_splash_23,rank_icon_prestige_splash_22,rank_icon_prestige_splash_21,rank_icon_prestige_splash_24,rank_icon_prestige_splash_25,rank_icon_prestige_splash_27,rank_icon_prestige_splash_26,rank_icon_prestige_splash_28,rank_icon_prestige_splash_29,rank_icon_prestige_splash_30,rank_icon_prestige_splash_11,rank_icon_prestige_splash_12,rank_icon_prestige_splash_13,rank_icon_prestige_splash_14,rank_icon_prestige_splash_15,rank_icon_prestige_splash_18,rank_icon_prestige_splash_16,rank_icon_prestige_splash_19,rank_icon_prestige_splash_17,rank_icon_prestige_splash_20
1,rank_icon_splash_1,rank_icon_prestige_splash_1,rank_icon_prestige_splash_2,rank_icon_prestige_splash_3,rank_icon_prestige_splash_4,rank_icon_prestige_splash_5,rank_icon_prestige_splash_6,rank_icon_prestige_splash_7,rank_icon_prestige_splash_8,rank_icon_prestige_splash_9,rank_icon_prestige_splash_10,rank_icon_prestige_splash_23,rank_icon_prestige_splash_22,rank_icon_prestige_splash_21,rank_icon_prestige_splash_24,rank_icon_prestige_splash_25,rank_icon_prestige_splash_27,rank_icon_prestige_splash_26,rank_icon_prestige_splash_28,rank_icon_prestige_splash_29,rank_icon_prestige_splash_30,rank_icon_prestige_splash_11,rank_icon_prestige_splash_12,rank_icon_prestige_splash_13,rank_icon_prestige_splash_14,rank_icon_prestige_splash_15,rank_icon_prestige_splash_18,rank_icon_prestige_splash_16,rank_icon_prestige_splash_19,rank_icon_prestige_splash_17,rank_icon_prestige_splash_20
2,rank_icon_splash_1,rank_icon_prestige_splash_1,rank_icon_prestige_splash_2,rank_icon_prestige_splash_3,rank_icon_prestige_splash_4,rank_icon_prestige_splash_5,rank_icon_prestige_splash_6,rank_icon_prestige_splash_7,rank_icon_prestige_splash_8,rank_icon_prestige_splash_9,rank_icon_prestige_splash_10,rank_icon_prestige_splash_23,rank_icon_prestige_splash_22,rank_icon_prestige_splash_21,rank_icon_prestige_splash_24,rank_icon_prestige_splash_25,rank_icon_prestige_splash_27,rank_icon_prestige_splash_26,rank_icon_prestige_splash_28,rank_icon_prestige_splash_29,rank_icon_prestige_splash_30,rank_icon_prestige_splash_11,rank_icon_prestige_splash_12,rank_icon_prestige_splash_13,rank_icon_prestige_splash_14,rank_icon_prestige_splash_15,rank_icon_prestige_splash_18,rank_icon_prestige_splash_16,rank_icon_prestige_splash_19,rank_icon_prestige_splash_17,rank_icon_prestige_splash_20
3,rank_icon_splash_2,rank_icon_prestige_splash_1,rank_icon_prestige_splash_2,rank_icon_prestige_splash_3,rank_icon_prestige_splash_4,rank_icon_prestige_splash_5,rank_icon_prestige_splash_6,rank_icon_prestige_splash_7,rank_icon_prestige_splash_8,rank_icon_prestige_splash_9,rank_icon_prestige_splash_10,rank_icon_prestige_splash_23,rank_icon_prestige_splash_22,rank_icon_prestige_splash_21,rank_icon_prestige_splash_24,rank_icon_prestige_splash_25,rank_icon_prestige_splash_27,rank_icon_prestige_splash_26,rank_icon_prestige_splash_28,rank_icon_prestige_splash_29,rank_icon_prestige_splash_30,rank_icon_prestige_splash_11,rank_icon_prestige_splash_12,rank_icon_prestige_splash_13,rank_icon_prestige_splash_14,rank_icon_prestige_splash_15,rank_icon_prestige_splash_18,rank_icon_prestige_splash_16,rank_icon_prestige_splash_19,rank_icon_prestige_splash_17,rank_icon_prestige_splash_20
4,rank_icon_splash_2,rank_icon_prestige_splash_1,rank_icon_prestige_splash_2,rank_icon_prestige_splash_3,rank_icon_prestige_splash_4,rank_icon_prestige_splash_5,rank_icon_prestige_splash_6,rank_icon_prestige_splash_7,rank_icon_prestige_splash_8,rank_icon_prestige_splash_9,rank_icon_prestige_splash_10,rank_icon_prestige_splash_23,rank_icon_prestige_splash_22,rank_icon_prestige_splash_21,rank_icon_prestige_splash_24,rank_icon_prestige_splash_25,rank_icon_prestige_splash_27,rank_icon_prestige_splash_26,rank_icon_prestige_splash_28,rank_icon_prestige_splash_29,rank_icon_prestige_splash_30,rank_icon_prestige_splash_11,rank_icon_prestige_splash_12,rank_icon_prestige_splash_13,rank_icon_prestige_splash_14,rank_icon_prestige_splash_15,rank_icon_prestige_splash_18,rank_icon_prestige_splash_16,rank_icon_prestige_splash_19,rank_icon_prestige_splash_17,rank_icon_prestige_splash_20
5,rank_icon_splash_2,rank_icon_prestige_splash_1,rank_icon_prestige_splash_2,rank_icon_prestige_splash_3,rank_icon_prestige_splash_4,rank_icon_prestige_splash_5,rank_icon_prestige_splash_6,rank_icon_prestige_splash_7,rank_icon_prestige_splash_8,rank_icon_prestige_splash_9,rank_icon_prestige_splash_10,rank_icon_prestige_splash_23,rank_icon_prestige_splash_22,rank_icon_prestige_splash_21,rank_icon_prestige_splash_24,rank_icon_prestige_splash_25,rank_icon_prestige_splash_27,rank_icon_prestige_splash_26,rank_icon_prestige_splash_28,rank_icon_prestige_splash_29,rank_icon_prestige_splash_30,rank_icon_prestige_splash_11,rank_icon_prestige_splash_12,rank_icon_prestige_splash_13,rank_icon_prestige_splash_14,rank_icon_prestige_splash_15,rank_icon_prestige_splash_18,rank_icon_prestige_splash_16,rank_icon_prestige_splash_19,rank_icon_prestige_splash_17,rank_icon_prestige_splash_20
6,rank_icon_splash_3,rank_icon_prestige_splash_1,rank_icon_prestige_splash_2,rank_icon_prestige_splash_3,rank_icon_prestige_splash_4,rank_icon_prestige_splash_5,rank_icon_prestige_splash_6,rank_icon_prestige_splash_7,rank_icon_prestige_splash_8,rank_icon_prestige_splash_9,rank_icon_prestige_splash_10,rank_icon_prestige_splash_23,rank_icon_prestige_splash_22,rank_icon_prestige_splash_21,rank_icon_prestige_splash_24,rank_icon_prestige_splash_25,rank_icon_prestige_splash_27,rank_icon_prestige_splash_26,rank_icon_prestige_splash_28,rank_icon_prestige_splash_29,rank_icon_prestige_splash_30,rank_icon_prestige_splash_11,rank_icon_prestige_splash_12,rank_icon_prestige_splash_13,rank_icon_prestige_splash_14,rank_icon_prestige_splash_15,rank_icon_prestige_splash_18,rank_icon_prestige_splash_16,rank_icon_prestige_splash_19,rank_icon_prestige_splash_17,rank_icon_prestige_splash_20
7,rank_icon_splash_3,rank_icon_prestige_splash_1,rank_icon_prestige_splash_2,rank_icon_prestige_splash_3,rank_icon_prestige_splash_4,rank_icon_prestige_splash_5,rank_icon_prestige_splash_6,rank_icon_prestige_splash_7,rank_icon_prestige_splash_8,rank_icon_prestige_splash_9,rank_icon_prestige_splash_10,rank_icon_prestige_splash_23,rank_icon_prestige_splash_22,rank_icon_prestige_splash_21,rank_icon_prestige_splash_24,rank_icon_prestige_splash_25,rank_icon_prestige_splash_27,rank_icon_prestige_splash_26,rank_icon_prestige_splash_28,rank_icon_prestige_splash_29,rank_icon_prestige_splash_30,rank_icon_prestige_splash_11,rank_icon_prestige_splash_12,rank_icon_prestige_splash_13,rank_icon_prestige_splash_14,rank_icon_prestige_splash_15,rank_icon_prestige_splash_18,rank_icon_prestige_splash_16,rank_icon_prestige_splash_19,rank_icon_prestige_splash_17,rank_icon_prestige_splash_20
8,rank_icon_splash_3,rank_icon_prestige_splash_1,rank_icon_prestige_splash_2,rank_icon_prestige_splash_3,rank_icon_prestige_splash_4,rank_icon_prestige_splash_5,rank_icon_prestige_splash_6,rank_icon_prestige_splash_7,rank_icon_prestige_splash_8,rank_icon_prestige_splash_9,rank_icon_prestige_splash_10,rank_icon_prestige_splash_23,rank_icon_prestige_splash_22,rank_icon_prestige_splash_21,rank_icon_prestige_splash_24,rank_icon_prestige_splash_25,rank_icon_prestige_splash_27,rank_icon_prestige_splash_26,rank_icon_prestige_splash_28,rank_icon_prestige_splash_29,rank_icon_prestige_splash_30,rank_icon_prestige_splash_11,rank_icon_prestige_splash_12,rank_icon_prestige_splash_13,rank_icon_prestige_splash_14,rank_icon_prestige_splash_15,rank_icon_prestige_splash_18,rank_icon_prestige_splash_16,rank_icon_prestige_splash_19,rank_icon_prestige_splash_17,rank_icon_prestige_splash_20
9,rank_icon_splash_4,rank_icon_prestige_splash_1,rank_icon_prestige_splash_2,rank_icon_prestige_splash_3,rank_icon_prestige_splash_4,rank_icon_prestige_splash_5,rank_icon_prestige_splash_6,rank_icon_prestige_splash_7,rank_icon_prestige_splash_8,rank_icon_prestige_splash_9,rank_icon_prestige_splash_10,rank_icon_prestige_splash_23,rank_icon_prestige_splash_22,rank_icon_prestige_splash_21,rank_icon_prestige_splash_24,rank_icon_prestige_splash_25,rank_icon_prestige_splash_27,rank_icon_prestige_splash_26,rank_icon_prestige_splash_28,rank_icon_prestige_splash_29,rank_icon_prestige_splash_30,rank_icon_prestige_splash_11,rank_icon_prestige_splash_12,rank_icon_prestige_splash_13,rank_icon_prestige_splash_14,rank_icon_prestige_splash_15,rank_icon_prestige_splash_18,rank_icon_prestige_splash_16,rank_icon_prestige_splash_19,rank_icon_prestige_splash_17,rank_icon_prestige_splash_20
10,rank_icon_splash_4,rank_icon_prestige_splash_1,rank_icon_prestige_splash_2,rank_icon_prestige_splash_3,rank_icon_prestige_splash_4,rank_icon_prestige_splash_5,rank_icon_prestige_splash_6,rank_icon_prestige_splash_7,rank_icon_prestige_splash_8,rank_icon_prestige_splash_9,rank_icon_prestige_splash_10,rank_icon_prestige_splash_23,rank_icon_prestige_splash_22,rank_icon_prestige_splash_21,rank_icon_prestige_splash_24,rank_icon_prestige_splash_25,rank_icon_prestige_splash_27,rank_icon_prestige_splash_26,rank_icon_prestige_splash_28,rank_icon_prestige_splash_29,rank_icon_prestige_splash_30,rank_icon_prestige_splash_11,rank_icon_prestige_splash_12,rank_icon_prestige_splash_13,rank_icon_prestige_splash_14,rank_icon_prestige_splash_15,rank_icon_prestige_splash_18,rank_icon_prestige_splash_16,rank_icon_prestige_splash_19,rank_icon_prestige_splash_17,rank_icon_prestige_splash_20
11,rank_icon_splash_4,rank_icon_prestige_splash_1,rank_icon_prestige_splash_2,rank_icon_prestige_splash_3,rank_icon_prestige_splash_4,rank_icon_prestige_splash_5,rank_icon_prestige_splash_6,rank_icon_prestige_splash_7,rank_icon_prestige_splash_8,rank_icon_prestige_splash_9,rank_icon_prestige_splash_10,rank_icon_prestige_splash_23,rank_icon_prestige_splash_22,rank_icon_prestige_splash_21,rank_icon_prestige_splash_24,rank_icon_prestige_splash_25,rank_icon_prestige_splash_27,rank_icon_prestige_splash_26,rank_icon_prestige_splash_28,rank_icon_prestige_splash_29,rank_icon_prestige_splash_30,rank_icon_prestige_splash_11,rank_icon_prestige_splash_12,rank_icon_prestige_splash_13,rank_icon_prestige_splash_14,rank_icon_prestige_splash_15,rank_icon_prestige_splash_18,rank_icon_prestige_splash_16,rank_icon_prestige_splash_19,rank_icon_prestige_splash_17,rank_icon_prestige_splash_20
12,rank_icon_splash_5,rank_icon_prestige_splash_1,rank_icon_prestige_splash_2,rank_icon_prestige_splash_3,rank_icon_prestige_splash_4,rank_icon_prestige_splash_5,rank_icon_prestige_splash_6,rank_icon_prestige_splash_7,rank_icon_prestige_splash_8,rank_icon_prestige_splash_9,rank_icon_prestige_splash_10,rank_icon_prestige_splash_23,rank_icon_prestige_splash_22,rank_icon_prestige_splash_21,rank_icon_prestige_splash_24,rank_icon_prestige_splash_25,rank_icon_prestige_splash_27,rank_icon_prestige_splash_26,rank_icon_prestige_splash_28,rank_icon_prestige_splash_29,rank_icon_prestige_splash_30,rank_icon_prestige_splash_11,rank_icon_prestige_splash_12,rank_icon_prestige_splash_13,rank_icon_prestige_splash_14,rank_icon_prestige_splash_15,rank_icon_prestige_splash_18,rank_icon_prestige_splash_16,rank_icon_prestige_splash_19,rank_icon_prestige_splash_17,rank_icon_prestige_splash_20
13,rank_icon_splash_5,rank_icon_prestige_splash_1,rank_icon_prestige_splash_2,rank_icon_prestige_splash_3,rank_icon_prestige_splash_4,rank_icon_prestige_splash_5,rank_icon_prestige_splash_6,rank_icon_prestige_splash_7,rank_icon_prestige_splash_8,rank_icon_prestige_splash_9,rank_icon_prestige_splash_10,rank_icon_prestige_splash_23,rank_icon_prestige_splash_22,rank_icon_prestige_splash_21,rank_icon_prestige_splash_24,rank_icon_prestige_splash_25,rank_icon_prestige_splash_27,rank_icon_prestige_splash_26,rank_icon_prestige_splash_28,rank_icon_prestige_splash_29,rank_icon_prestige_splash_30,rank_icon_prestige_splash_11,rank_icon_prestige_splash_12,rank_icon_prestige_splash_13,rank_icon_prestige_splash_14,rank_icon_prestige_splash_15,rank_icon_prestige_splash_18,rank_icon_prestige_splash_16,rank_icon_prestige_splash_19,rank_icon_prestige_splash_17,rank_icon_prestige_splash_20
14,rank_icon_splash_5,rank_icon_prestige_splash_1,rank_icon_prestige_splash_2,rank_icon_prestige_splash_3,rank_icon_prestige_splash_4,rank_icon_prestige_splash_5,rank_icon_prestige_splash_6,rank_icon_prestige_splash_7,rank_icon_prestige_splash_8,rank_icon_prestige_splash_9,rank_icon_prestige_splash_10,rank_icon_prestige_splash_23,rank_icon_prestige_splash_22,rank_icon_prestige_splash_21,rank_icon_prestige_splash_24,rank_icon_prestige_splash_25,rank_icon_prestige_splash_27,rank_icon_prestige_splash_26,rank_icon_prestige_splash_28,rank_icon_prestige_splash_29,rank_icon_prestige_splash_30,rank_icon_prestige_splash_11,rank_icon_prestige_splash_12,rank_icon_prestige_splash_13,rank_icon_prestige_splash_14,rank_icon_prestige_splash_15,rank_icon_prestige_splash_18,rank_icon_prestige_splash_16,rank_icon_prestige_splash_19,rank_icon_prestige_splash_17,rank_icon_prestige_splash_20
15,rank_icon_splash_6,rank_icon_prestige_splash_1,rank_icon_prestige_splash_2,rank_icon_prestige_splash_3,rank_icon_prestige_splash_4,rank_icon_prestige_splash_5,rank_icon_prestige_splash_6,rank_icon_prestige_splash_7,rank_icon_prestige_splash_8,rank_icon_prestige_splash_9,rank_icon_prestige_splash_10,rank_icon_prestige_splash_23,rank_icon_prestige_splash_22,rank_icon_prestige_splash_21,rank_icon_prestige_splash_24,rank_icon_prestige_splash_25,rank_icon_prestige_splash_27,rank_icon_prestige_splash_26,rank_icon_prestige_splash_28,rank_icon_prestige_splash_29,rank_icon_prestige_splash_30,rank_icon_prestige_splash_11,rank_icon_prestige_splash_12,rank_icon_prestige_splash_13,rank_icon_prestige_splash_14,rank_icon_prestige_splash_15,rank_icon_prestige_splash_18,rank_icon_prestige_splash_16,rank_icon_prestige_splash_19,rank_icon_prestige_splash_17,rank_icon_prestige_splash_20
16,rank_icon_splash_6,rank_icon_prestige_splash_1,rank_icon_prestige_splash_2,rank_icon_prestige_splash_3,rank_icon_prestige_splash_4,rank_icon_prestige_splash_5,rank_icon_prestige_splash_6,rank_icon_prestige_splash_7,rank_icon_prestige_splash_8,rank_icon_prestige_splash_9,rank_icon_prestige_splash_10,rank_icon_prestige_splash_23,rank_icon_prestige_splash_22,rank_icon_prestige_splash_21,rank_icon_prestige_splash_24,rank_icon_prestige_splash_25,rank_icon_prestige_splash_27,rank_icon_prestige_splash_26,rank_icon_prestige_splash_28,rank_icon_prestige_splash_29,rank_icon_prestige_splash_30,rank_icon_prestige_splash_11,rank_icon_prestige_splash_12,rank_icon_prestige_splash_13,rank_icon_prestige_splash_14,rank_icon_prestige_splash_15,rank_icon_prestige_splash_18,rank_icon_prestige_splash_16,rank_icon_prestige_splash_19,rank_icon_prestige_splash_17,rank_icon_prestige_splash_20
17,rank_icon_splash_6,rank_icon_prestige_splash_1,rank_icon_prestige_splash_2,rank_icon_prestige_splash_3,rank_icon_prestige_splash_4,rank_icon_prestige_splash_5,rank_icon_prestige_splash_6,rank_icon_prestige_splash_7,rank_icon_prestige_splash_8,rank_icon_prestige_splash_9,rank_icon_prestige_splash_10,rank_icon_prestige_splash_23,rank_icon_prestige_splash_22,rank_icon_prestige_splash_21,rank_icon_prestige_splash_24,rank_icon_prestige_splash_25,rank_icon_prestige_splash_27,rank_icon_prestige_splash_26,rank_icon_prestige_splash_28,rank_icon_prestige_splash_29,rank_icon_prestige_splash_30,rank_icon_prestige_splash_11,rank_icon_prestige_splash_12,rank_icon_prestige_splash_13,rank_icon_prestige_splash_14,rank_icon_prestige_splash_15,rank_icon_prestige_splash_18,rank_icon_prestige_splash_16,rank_icon_prestige_splash_19,rank_icon_prestige_splash_17,rank_icon_prestige_splash_20
18,rank_icon_splash_7,rank_icon_prestige_splash_1,rank_icon_prestige_splash_2,rank_icon_prestige_splash_3,rank_icon_prestige_splash_4,rank_icon_prestige_splash_5,rank_icon_prestige_splash_6,rank_icon_prestige_splash_7,rank_icon_prestige_splash_8,rank_icon_prestige_splash_9,rank_icon_prestige_splash_10,rank_icon_prestige_splash_23,rank_icon_prestige_splash_22,rank_icon_prestige_splash_21,rank_icon_prestige_splash_24,rank_icon_prestige_splash_25,rank_icon_prestige_splash_27,rank_icon_prestige_splash_26,rank_icon_prestige_splash_28,rank_icon_prestige_splash_29,rank_icon_prestige_splash_30,rank_icon_prestige_splash_11,rank_icon_prestige_splash_12,rank_icon_prestige_splash_13,rank_icon_prestige_splash_14,rank_icon_prestige_splash_15,rank_icon_prestige_splash_18,rank_icon_prestige_splash_16,rank_icon_prestige_splash_19,rank_icon_prestige_splash_17,rank_icon_prestige_splash_20
19,rank_icon_splash_7,rank_icon_prestige_splash_1,rank_icon_prestige_splash_2,rank_icon_prestige_splash_3,rank_icon_prestige_splash_4,rank_icon_prestige_splash_5,rank_icon_prestige_splash_6,rank_icon_prestige_splash_7,rank_icon_prestige_splash_8,rank_icon_prestige_splash_9,rank_icon_prestige_splash_10,rank_icon_prestige_splash_23,rank_icon_prestige_splash_22,rank_icon_prestige_splash_21,rank_icon_prestige_splash_24,rank_icon_prestige_splash_25,rank_icon_prestige_splash_27,rank_icon_prestige_splash_26,rank_icon_prestige_splash_28,rank_icon_prestige_splash_29,rank_icon_prestige_splash_30,rank_icon_prestige_splash_11,rank_icon_prestige_splash_12,rank_icon_prestige_splash_13,rank_icon_prestige_splash_14,rank_icon_prestige_splash_15,rank_icon_prestige_splash_18,rank_icon_prestige_splash_16,rank_icon_prestige_splash_19,rank_icon_prestige_splash_17,rank_icon_prestige_splash_20
20,rank_icon_splash_7,rank_icon_prestige_splash_1,rank_icon_prestige_splash_2,rank_icon_prestige_splash_3,rank_icon_prestige_splash_4,rank_icon_prestige_splash_5,rank_icon_prestige_splash_6,rank_icon_prestige_splash_7,rank_icon_prestige_splash_8,rank_icon_prestige_splash_9,rank_icon_prestige_splash_10,rank_icon_prestige_splash_23,rank_icon_prestige_splash_22,rank_icon_prestige_splash_21,rank_icon_prestige_splash_24,rank_icon_prestige_splash_25,rank_icon_prestige_splash_27,rank_icon_prestige_splash_26,rank_icon_prestige_splash_28,rank_icon_prestige_splash_29,rank_icon_prestige_splash_30,rank_icon_prestige_splash_11,rank_icon_prestige_splash_12,rank_icon_prestige_splash_13,rank_icon_prestige_splash_14,rank_icon_prestige_splash_15,rank_icon_prestige_splash_18,rank_icon_prestige_splash_16,rank_icon_prestige_splash_19,rank_icon_prestige_splash_17,rank_icon_prestige_splash_20
21,rank_icon_splash_8,rank_icon_prestige_splash_1,rank_icon_prestige_splash_2,rank_icon_prestige_splash_3,rank_icon_prestige_splash_4,rank_icon_prestige_splash_5,rank_icon_prestige_splash_6,rank_icon_prestige_splash_7,rank_icon_prestige_splash_8,rank_icon_prestige_splash_9,rank_icon_prestige_splash_10,rank_icon_prestige_splash_23,rank_icon_prestige_splash_22,rank_icon_prestige_splash_21,rank_icon_prestige_splash_24,rank_icon_prestige_splash_25,rank_icon_prestige_splash_27,rank_icon_prestige_splash_26,rank_icon_prestige_splash_28,rank_icon_prestige_splash_29,rank_icon_prestige_splash_30,rank_icon_prestige_splash_11,rank_icon_prestige_splash_12,rank_icon_prestige_splash_13,rank_icon_prestige_splash_14,rank_icon_prestige_splash_15,rank_icon_prestige_splash_18,rank_icon_prestige_splash_16,rank_icon_prestige_splash_19,rank_icon_prestige_splash_17,rank_icon_prestige_splash_20
22,rank_icon_splash_8,rank_icon_prestige_splash_1,rank_icon_prestige_splash_2,rank_icon_prestige_splash_3,rank_icon_prestige_splash_4,rank_icon_prestige_splash_5,rank_icon_prestige_splash_6,rank_icon_prestige_splash_7,rank_icon_prestige_splash_8,rank_icon_prestige_splash_9,rank_icon_prestige_splash_10,rank_icon_prestige_splash_23,rank_icon_prestige_splash_22,rank_icon_prestige_splash_21,rank_icon_prestige_splash_24,rank_icon_prestige_splash_25,rank_icon_prestige_splash_27,rank_icon_prestige_splash_26,rank_icon_prestige_splash_28,rank_icon_prestige_splash_29,rank_icon_prestige_splash_30,rank_icon_prestige_splash_11,rank_icon_prestige_splash_12,rank_icon_prestige_splash_13,rank_icon_prestige_splash_14,rank_icon_prestige_splash_15,rank_icon_prestige_splash_18,rank_icon_prestige_splash_16,rank_icon_prestige_splash_19,rank_icon_prestige_splash_17,rank_icon_prestige_splash_20
23,rank_icon_splash_8,rank_icon_prestige_splash_1,rank_icon_prestige_splash_2,rank_icon_prestige_splash_3,rank_icon_prestige_splash_4,rank_icon_prestige_splash_5,rank_icon_prestige_splash_6,rank_icon_prestige_splash_7,rank_icon_prestige_splash_8,rank_icon_prestige_splash_9,rank_icon_prestige_splash_10,rank_icon_prestige_splash_23,rank_icon_prestige_splash_22,rank_icon_prestige_splash_21,rank_icon_prestige_splash_24,rank_icon_prestige_splash_25,rank_icon_prestige_splash_27,rank_icon_prestige_splash_26,rank_icon_prestige_splash_28,rank_icon_prestige_splash_29,rank_icon_prestige_splash_30,rank_icon_prestige_splash_11,rank_icon_prestige_splash_12,rank_icon_prestige_splash_13,rank_icon_prestige_splash_14,rank_icon_prestige_splash_15,rank_icon_prestige_splash_18,rank_icon_prestige_splash_16,rank_icon_prestige_splash_19,rank_icon_prestige_splash_17,rank_icon_prestige_splash_20
24,rank_icon_splash_9,rank_icon_prestige_splash_1,rank_icon_prestige_splash_2,rank_icon_prestige_splash_3,rank_icon_prestige_splash_4,rank_icon_prestige_splash_5,rank_icon_prestige_splash_6,rank_icon_prestige_splash_7,rank_icon_prestige_splash_8,rank_icon_prestige_splash_9,rank_icon_prestige_splash_10,rank_icon_prestige_splash_23,rank_icon_prestige_splash_22,rank_icon_prestige_splash_21,rank_icon_prestige_splash_24,rank_icon_prestige_splash_25,rank_icon_prestige_splash_27,rank_icon_prestige_splash_26,rank_icon_prestige_splash_28,rank_icon_prestige_splash_29,rank_icon_prestige_splash_30,rank_icon_prestige_splash_11,rank_icon_prestige_splash_12,rank_icon_prestige_splash_13,rank_icon_prestige_splash_14,rank_icon_prestige_splash_15,rank_icon_prestige_splash_18,rank_icon_prestige_splash_16,rank_icon_prestige_splash_19,rank_icon_prestige_splash_17,rank_icon_prestige_splash_20
25,rank_icon_splash_9,rank_icon_prestige_splash_1,rank_icon_prestige_splash_2,rank_icon_prestige_splash_3,rank_icon_prestige_splash_4,rank_icon_prestige_splash_5,rank_icon_prestige_splash_6,rank_icon_prestige_splash_7,rank_icon_prestige_splash_8,rank_icon_prestige_splash_9,rank_icon_prestige_splash_10,rank_icon_prestige_splash_23,rank_icon_prestige_splash_22,rank_icon_prestige_splash_21,rank_icon_prestige_splash_24,rank_icon_prestige_splash_25,rank_icon_prestige_splash_27,rank_icon_prestige_splash_26,rank_icon_prestige_splash_28,rank_icon_prestige_splash_29,rank_icon_prestige_splash_30,rank_icon_prestige_splash_11,rank_icon_prestige_splash_12,rank_icon_prestige_splash_13,rank_icon_prestige_splash_14,rank_icon_prestige_splash_15,rank_icon_prestige_splash_18,rank_icon_prestige_splash_16,rank_icon_prestige_splash_19,rank_icon_prestige_splash_17,rank_icon_prestige_splash_20
26,rank_icon_splash_9,rank_icon_prestige_splash_1,rank_icon_prestige_splash_2,rank_icon_prestige_splash_3,rank_icon_prestige_splash_4,rank_icon_prestige_splash_5,rank_icon_prestige_splash_6,rank_icon_prestige_splash_7,rank_icon_prestige_splash_8,rank_icon_prestige_splash_9,rank_icon_prestige_splash_10,rank_icon_prestige_splash_23,rank_icon_prestige_splash_22,rank_icon_prestige_splash_21,rank_icon_prestige_splash_24,rank_icon_prestige_splash_25,rank_icon_prestige_splash_27,rank_icon_prestige_splash_26,rank_icon_prestige_splash_28,rank_icon_prestige_splash_29,rank_icon_prestige_splash_30,rank_icon_prestige_splash_11,rank_icon_prestige_splash_12,rank_icon_prestige_splash_13,rank_icon_prestige_splash_14,rank_icon_prestige_splash_15,rank_icon_prestige_splash_18,rank_icon_prestige_splash_16,rank_icon_prestige_splash_19,rank_icon_prestige_splash_17,rank_icon_prestige_splash_20
27,rank_icon_splash_10,rank_icon_prestige_splash_1,rank_icon_prestige_splash_2,rank_icon_prestige_splash_3,rank_icon_prestige_splash_4,rank_icon_prestige_splash_5,rank_icon_prestige_splash_6,rank_icon_prestige_splash_7,rank_icon_prestige_splash_8,rank_icon_prestige_splash_9,rank_icon_prestige_splash_10,rank_icon_prestige_splash_23,rank_icon_prestige_splash_22,rank_icon_prestige_splash_21,rank_icon_prestige_splash_24,rank_icon_prestige_splash_25,rank_icon_prestige_splash_27,rank_icon_prestige_splash_26,rank_icon_prestige_splash_28,rank_icon_prestige_splash_29,rank_icon_prestige_splash_30,rank_icon_prestige_splash_11,rank_icon_prestige_splash_12,rank_icon_prestige_splash_13,rank_icon_prestige_splash_14,rank_icon_prestige_splash_15,rank_icon_prestige_splash_18,rank_icon_prestige_splash_16,rank_icon_prestige_splash_19,rank_icon_prestige_splash_17,rank_icon_prestige_splash_20
28,rank_icon_splash_10,rank_icon_prestige_splash_1,rank_icon_prestige_splash_2,rank_icon_prestige_splash_3,rank_icon_prestige_splash_4,rank_icon_prestige_splash_5,rank_icon_prestige_splash_6,rank_icon_prestige_splash_7,rank_icon_prestige_splash_8,rank_icon_prestige_splash_9,rank_icon_prestige_splash_10,rank_icon_prestige_splash_23,rank_icon_prestige_splash_22,rank_icon_prestige_splash_21,rank_icon_prestige_splash_24,rank_icon_prestige_splash_25,rank_icon_prestige_splash_27,rank_icon_prestige_splash_26,rank_icon_prestige_splash_28,rank_icon_prestige_splash_29,rank_icon_prestige_splash_30,rank_icon_prestige_splash_11,rank_icon_prestige_splash_12,rank_icon_prestige_splash_13,rank_icon_prestige_splash_14,rank_icon_prestige_splash_15,rank_icon_prestige_splash_18,rank_icon_prestige_splash_16,rank_icon_prestige_splash_19,rank_icon_prestige_splash_17,rank_icon_prestige_splash_20
29,rank_icon_splash_11,rank_icon_prestige_splash_1,rank_icon_prestige_splash_2,rank_icon_prestige_splash_3,rank_icon_prestige_splash_4,rank_icon_prestige_splash_5,rank_icon_prestige_splash_6,rank_icon_prestige_splash_7,rank_icon_prestige_splash_8,rank_icon_prestige_splash_9,rank_icon_prestige_splash_10,rank_icon_prestige_splash_23,rank_icon_prestige_splash_22,rank_icon_prestige_splash_21,rank_icon_prestige_splash_24,rank_icon_prestige_splash_25,rank_icon_prestige_splash_27,rank_icon_prestige_splash_26,rank_icon_prestige_splash_28,rank_icon_prestige_splash_29,rank_icon_prestige_splash_30,rank_icon_prestige_splash_11,rank_icon_prestige_splash_12,rank_icon_prestige_splash_13,rank_icon_prestige_splash_14,rank_icon_prestige_splash_15,rank_icon_prestige_splash_18,rank_icon_prestige_splash_16,rank_icon_prestige_splash_19,rank_icon_prestige_splash_17,rank_icon_prestige_splash_20
30,rank_icon_splash_11,rank_icon_prestige_splash_1,rank_icon_prestige_splash_2,rank_icon_prestige_splash_3,rank_icon_prestige_splash_4,rank_icon_prestige_splash_5,rank_icon_prestige_splash_6,rank_icon_prestige_splash_7,rank_icon_prestige_splash_8,rank_icon_prestige_splash_9,rank_icon_prestige_splash_10,rank_icon_prestige_splash_23,rank_icon_prestige_splash_22,rank_icon_prestige_splash_21,rank_icon_prestige_splash_24,rank_icon_prestige_splash_25,rank_icon_prestige_splash_27,rank_icon_prestige_splash_26,rank_icon_prestige_splash_28,rank_icon_prestige_splash_29,rank_icon_prestige_splash_30,rank_icon_prestige_splash_11,rank_icon_prestige_splash_12,rank_icon_prestige_splash_13,rank_icon_prestige_splash_14,rank_icon_prestige_splash_15,rank_icon_prestige_splash_18,rank_icon_prestige_splash_16,rank_icon_prestige_splash_19,rank_icon_prestige_splash_17,rank_icon_prestige_splash_20
31,rank_icon_splash_12,rank_icon_prestige_splash_1,rank_icon_prestige_splash_2,rank_icon_prestige_splash_3,rank_icon_prestige_splash_4,rank_icon_prestige_splash_5,rank_icon_prestige_splash_6,rank_icon_prestige_splash_7,rank_icon_prestige_splash_8,rank_icon_prestige_splash_9,rank_icon_prestige_splash_10,rank_icon_prestige_splash_23,rank_icon_prestige_splash_22,rank_icon_prestige_splash_21,rank_icon_prestige_splash_24,rank_icon_prestige_splash_25,rank_icon_prestige_splash_27,rank_icon_prestige_splash_26,rank_icon_prestige_splash_28,rank_icon_prestige_splash_29,rank_icon_prestige_splash_30,rank_icon_prestige_splash_11,rank_icon_prestige_splash_12,rank_icon_prestige_splash_13,rank_icon_prestige_splash_14,rank_icon_prestige_splash_15,rank_icon_prestige_splash_18,rank_icon_prestige_splash_16,rank_icon_prestige_splash_19,rank_icon_prestige_splash_17,rank_icon_prestige_splash_20
32,rank_icon_splash_12,rank_icon_prestige_splash_1,rank_icon_prestige_splash_2,rank_icon_prestige_splash_3,rank_icon_prestige_splash_4,rank_icon_prestige_splash_5,rank_icon_prestige_splash_6,rank_icon_prestige_splash_7,rank_icon_prestige_splash_8,rank_icon_prestige_splash_9,rank_icon_prestige_splash_10,rank_icon_prestige_splash_23,rank_icon_prestige_splash_22,rank_icon_prestige_splash_21,rank_icon_prestige_splash_24,rank_icon_prestige_splash_25,rank_icon_prestige_splash_27,rank_icon_prestige_splash_26,rank_icon_prestige_splash_28,rank_icon_prestige_splash_29,rank_icon_prestige_splash_30,rank_icon_prestige_splash_11,rank_icon_prestige_splash_12,rank_icon_prestige_splash_13,rank_icon_prestige_splash_14,rank_icon_prestige_splash_15,rank_icon_prestige_splash_18,rank_icon_prestige_splash_16,rank_icon_prestige_splash_19,rank_icon_prestige_splash_17,rank_icon_prestige_splash_20
33,rank_icon_splash_13,rank_icon_prestige_splash_1,rank_icon_prestige_splash_2,rank_icon_prestige_splash_3,rank_icon_prestige_splash_4,rank_icon_prestige_splash_5,rank_icon_prestige_splash_6,rank_icon_prestige_splash_7,rank_icon_prestige_splash_8,rank_icon_prestige_splash_9,rank_icon_prestige_splash_10,rank_icon_prestige_splash_23,rank_icon_prestige_splash_22,rank_icon_prestige_splash_21,rank_icon_prestige_splash_24,rank_icon_prestige_splash_25,rank_icon_prestige_splash_27,rank_icon_prestige_splash_26,rank_icon_prestige_splash_28,rank_icon_prestige_splash_29,rank_icon_prestige_splash_30,rank_icon_prestige_splash_11,rank_icon_prestige_splash_12,rank_icon_prestige_splash_13,rank_icon_prestige_splash_14,rank_icon_prestige_splash_15,rank_icon_prestige_splash_18,rank_icon_prestige_splash_16,rank_icon_prestige_splash_19,rank_icon_prestige_splash_17,rank_icon_prestige_splash_20
34,rank_icon_splash_13,rank_icon_prestige_splash_1,rank_icon_prestige_splash_2,rank_icon_prestige_splash_3,rank_icon_prestige_splash_4,rank_icon_prestige_splash_5,rank_icon_prestige_splash_6,rank_icon_prestige_splash_7,rank_icon_prestige_splash_8,rank_icon_prestige_splash_9,rank_icon_prestige_splash_10,rank_icon_prestige_splash_23,rank_icon_prestige_splash_22,rank_icon_prestige_splash_21,rank_icon_prestige_splash_24,rank_icon_prestige_splash_25,rank_icon_prestige_splash_27,rank_icon_prestige_splash_26,rank_icon_prestige_splash_28,rank_icon_prestige_splash_29,rank_icon_prestige_splash_30,rank_icon_prestige_splash_11,rank_icon_prestige_splash_12,rank_icon_prestige_splash_13,rank_icon_prestige_splash_14,rank_icon_prestige_splash_15,rank_icon_prestige_splash_18,rank_icon_prestige_splash_16,rank_icon_prestige_splash_19,rank_icon_prestige_splash_17,rank_icon_prestige_splash_20
35,rank_icon_splash_14,rank_icon_prestige_splash_1,rank_icon_prestige_splash_2,rank_icon_prestige_splash_3,rank_icon_prestige_splash_4,rank_icon_prestige_splash_5,rank_icon_prestige_splash_6,rank_icon_prestige_splash_7,rank_icon_prestige_splash_8,rank_icon_prestige_splash_9,rank_icon_prestige_splash_10,rank_icon_prestige_splash_23,rank_icon_prestige_splash_22,rank_icon_prestige_splash_21,rank_icon_prestige_splash_24,rank_icon_prestige_splash_25,rank_icon_prestige_splash_27,rank_icon_prestige_splash_26,rank_icon_prestige_splash_28,rank_icon_prestige_splash_29,rank_icon_prestige_splash_30,rank_icon_prestige_splash_11,rank_icon_prestige_splash_12,rank_icon_prestige_splash_13,rank_icon_prestige_splash_14,rank_icon_prestige_splash_15,rank_icon_prestige_splash_18,rank_icon_prestige_splash_16,rank_icon_prestige_splash_19,rank_icon_prestige_splash_17,rank_icon_prestige_splash_20
36,rank_icon_splash_14,rank_icon_prestige_splash_1,rank_icon_prestige_splash_2,rank_icon_prestige_splash_3,rank_icon_prestige_splash_4,rank_icon_prestige_splash_5,rank_icon_prestige_splash_6,rank_icon_prestige_splash_7,rank_icon_prestige_splash_8,rank_icon_prestige_splash_9,rank_icon_prestige_splash_10,rank_icon_prestige_splash_23,rank_icon_prestige_splash_22,rank_icon_prestige_splash_21,rank_icon_prestige_splash_24,rank_icon_prestige_splash_25,rank_icon_prestige_splash_27,rank_icon_prestige_splash_26,rank_icon_prestige_splash_28,rank_icon_prestige_splash_29,rank_icon_prestige_splash_30,rank_icon_prestige_splash_11,rank_icon_prestige_splash_12,rank_icon_prestige_splash_13,rank_icon_prestige_splash_14,rank_icon_prestige_splash_15,rank_icon_prestige_splash_18,rank_icon_prestige_splash_16,rank_icon_prestige_splash_19,rank_icon_prestige_splash_17,rank_icon_prestige_splash_20
37,rank_icon_splash_15,rank_icon_prestige_splash_1,rank_icon_prestige_splash_2,rank_icon_prestige_splash_3,rank_icon_prestige_splash_4,rank_icon_prestige_splash_5,rank_icon_prestige_splash_6,rank_icon_prestige_splash_7,rank_icon_prestige_splash_8,rank_icon_prestige_splash_9,rank_icon_prestige_splash_10,rank_icon_prestige_splash_23,rank_icon_prestige_splash_22,rank_icon_prestige_splash_21,rank_icon_prestige_splash_24,rank_icon_prestige_splash_25,rank_icon_prestige_splash_27,rank_icon_prestige_splash_26,rank_icon_prestige_splash_28,rank_icon_prestige_splash_29,rank_icon_prestige_splash_30,rank_icon_prestige_splash_11,rank_icon_prestige_splash_12,rank_icon_prestige_splash_13,rank_icon_prestige_splash_14,rank_icon_prestige_splash_15,rank_icon_prestige_splash_18,rank_icon_prestige_splash_16,rank_icon_prestige_splash_19,rank_icon_prestige_splash_17,rank_icon_prestige_splash_20
38,rank_icon_splash_15,rank_icon_prestige_splash_1,rank_icon_prestige_splash_2,rank_icon_prestige_splash_3,rank_icon_prestige_splash_4,rank_icon_prestige_splash_5,rank_icon_prestige_splash_6,rank_icon_prestige_splash_7,rank_icon_prestige_splash_8,rank_icon_prestige_splash_9,rank_icon_prestige_splash_10,rank_icon_prestige_splash_23,rank_icon_prestige_splash_22,rank_icon_prestige_splash_21,rank_icon_prestige_splash_24,rank_icon_prestige_splash_25,rank_icon_prestige_splash_27,rank_icon_prestige_splash_26,rank_icon_prestige_splash_28,rank_icon_prestige_splash_29,rank_icon_prestige_splash_30,rank_icon_prestige_splash_11,rank_icon_prestige_splash_12,rank_icon_prestige_splash_13,rank_icon_prestige_splash_14,rank_icon_prestige_splash_15,rank_icon_prestige_splash_18,rank_icon_prestige_splash_16,rank_icon_prestige_splash_19,rank_icon_prestige_splash_17,rank_icon_prestige_splash_20
39,rank_icon_splash_16,rank_icon_prestige_splash_1,rank_icon_prestige_splash_2,rank_icon_prestige_splash_3,rank_icon_prestige_splash_4,rank_icon_prestige_splash_5,rank_icon_prestige_splash_6,rank_icon_prestige_splash_7,rank_icon_prestige_splash_8,rank_icon_prestige_splash_9,rank_icon_prestige_splash_10,rank_icon_prestige_splash_23,rank_icon_prestige_splash_22,rank_icon_prestige_splash_21,rank_icon_prestige_splash_24,rank_icon_prestige_splash_25,rank_icon_prestige_splash_27,rank_icon_prestige_splash_26,rank_icon_prestige_splash_28,rank_icon_prestige_splash_29,rank_icon_prestige_splash_30,rank_icon_prestige_splash_11,rank_icon_prestige_splash_12,rank_icon_prestige_splash_13,rank_icon_prestige_splash_14,rank_icon_prestige_splash_15,rank_icon_prestige_splash_18,rank_icon_prestige_splash_16,rank_icon_prestige_splash_19,rank_icon_prestige_splash_17,rank_icon_prestige_splash_20
40,rank_icon_splash_16,rank_icon_prestige_splash_1,rank_icon_prestige_splash_2,rank_icon_prestige_splash_3,rank_icon_prestige_splash_4,rank_icon_prestige_splash_5,rank_icon_prestige_splash_6,rank_icon_prestige_splash_7,rank_icon_prestige_splash_8,rank_icon_prestige_splash_9,rank_icon_prestige_splash_10,rank_icon_prestige_splash_23,rank_icon_prestige_splash_22,rank_icon_prestige_splash_21,rank_icon_prestige_splash_24,rank_icon_prestige_splash_25,rank_icon_prestige_splash_27,rank_icon_prestige_splash_26,rank_icon_prestige_splash_28,rank_icon_prestige_splash_29,rank_icon_prestige_splash_30,rank_icon_prestige_splash_11,rank_icon_prestige_splash_12,rank_icon_prestige_splash_13,rank_icon_prestige_splash_14,rank_icon_prestige_splash_15,rank_icon_prestige_splash_18,rank_icon_prestige_splash_16,rank_icon_prestige_splash_19,rank_icon_prestige_splash_17,rank_icon_prestige_splash_20
41,rank_icon_splash_17,rank_icon_prestige_splash_1,rank_icon_prestige_splash_2,rank_icon_prestige_splash_3,rank_icon_prestige_splash_4,rank_icon_prestige_splash_5,rank_icon_prestige_splash_6,rank_icon_prestige_splash_7,rank_icon_prestige_splash_8,rank_icon_prestige_splash_9,rank_icon_prestige_splash_10,rank_icon_prestige_splash_23,rank_icon_prestige_splash_22,rank_icon_prestige_splash_21,rank_icon_prestige_splash_24,rank_icon_prestige_splash_25,rank_icon_prestige_splash_27,rank_icon_prestige_splash_26,rank_icon_prestige_splash_28,rank_icon_prestige_splash_29,rank_icon_prestige_splash_30,rank_icon_prestige_splash_11,rank_icon_prestige_splash_12,rank_icon_prestige_splash_13,rank_icon_prestige_splash_14,rank_icon_prestige_splash_15,rank_icon_prestige_splash_18,rank_icon_prestige_splash_16,rank_icon_prestige_splash_19,rank_icon_prestige_splash_17,rank_icon_prestige_splash_20
42,rank_icon_splash_17,rank_icon_prestige_splash_1,rank_icon_prestige_splash_2,rank_icon_prestige_splash_3,rank_icon_prestige_splash_4,rank_icon_prestige_splash_5,rank_icon_prestige_splash_6,rank_icon_prestige_splash_7,rank_icon_prestige_splash_8,rank_icon_prestige_splash_9,rank_icon_prestige_splash_10,rank_icon_prestige_splash_23,rank_icon_prestige_splash_22,rank_icon_prestige_splash_21,rank_icon_prestige_splash_24,rank_icon_prestige_splash_25,rank_icon_prestige_splash_27,rank_icon_prestige_splash_26,rank_icon_prestige_splash_28,rank_icon_prestige_splash_29,rank_icon_prestige_splash_30,rank_icon_prestige_splash_11,rank_icon_prestige_splash_12,rank_icon_prestige_splash_13,rank_icon_prestige_splash_14,rank_icon_prestige_splash_15,rank_icon_prestige_splash_18,rank_icon_prestige_splash_16,rank_icon_prestige_splash_19,rank_icon_prestige_splash_17,rank_icon_prestige_splash_20
43,rank_icon_splash_18,rank_icon_prestige_splash_1,rank_icon_prestige_splash_2,rank_icon_prestige_splash_3,rank_icon_prestige_splash_4,rank_icon_prestige_splash_5,rank_icon_prestige_splash_6,rank_icon_prestige_splash_7,rank_icon_prestige_splash_8,rank_icon_prestige_splash_9,rank_icon_prestige_splash_10,rank_icon_prestige_splash_23,rank_icon_prestige_splash_22,rank_icon_prestige_splash_21,rank_icon_prestige_splash_24,rank_icon_prestige_splash_25,rank_icon_prestige_splash_27,rank_icon_prestige_splash_26,rank_icon_prestige_splash_28,rank_icon_prestige_splash_29,rank_icon_prestige_splash_30,rank_icon_prestige_splash_11,rank_icon_prestige_splash_12,rank_icon_prestige_splash_13,rank_icon_prestige_splash_14,rank_icon_prestige_splash_15,rank_icon_prestige_splash_18,rank_icon_prestige_splash_16,rank_icon_prestige_splash_19,rank_icon_prestige_splash_17,rank_icon_prestige_splash_20
44,rank_icon_splash_18,rank_icon_prestige_splash_1,rank_icon_prestige_splash_2,rank_icon_prestige_splash_3,rank_icon_prestige_splash_4,rank_icon_prestige_splash_5,rank_icon_prestige_splash_6,rank_icon_prestige_splash_7,rank_icon_prestige_splash_8,rank_icon_prestige_splash_9,rank_icon_prestige_splash_10,rank_icon_prestige_splash_23,rank_icon_prestige_splash_22,rank_icon_prestige_splash_21,rank_icon_prestige_splash_24,rank_icon_prestige_splash_25,rank_icon_prestige_splash_27,rank_icon_prestige_splash_26,rank_icon_prestige_splash_28,rank_icon_prestige_splash_29,rank_icon_prestige_splash_30,rank_icon_prestige_splash_11,rank_icon_prestige_splash_12,rank_icon_prestige_splash_13,rank_icon_prestige_splash_14,rank_icon_prestige_splash_15,rank_icon_prestige_splash_18,rank_icon_prestige_splash_16,rank_icon_prestige_splash_19,rank_icon_prestige_splash_17,rank_icon_prestige_splash_20
45,rank_icon_splash_19,rank_icon_prestige_splash_1,rank_icon_prestige_splash_2,rank_icon_prestige_splash_3,rank_icon_prestige_splash_4,rank_icon_prestige_splash_5,rank_icon_prestige_splash_6,rank_icon_prestige_splash_7,rank_icon_prestige_splash_8,rank_icon_prestige_splash_9,rank_icon_prestige_splash_10,rank_icon_prestige_splash_23,rank_icon_prestige_splash_22,rank_icon_prestige_splash_21,rank_icon_prestige_splash_24,rank_icon_prestige_splash_25,rank_icon_prestige_splash_27,rank_icon_prestige_splash_26,rank_icon_prestige_splash_28,rank_icon_prestige_splash_29,rank_icon_prestige_splash_30,rank_icon_prestige_splash_11,rank_icon_prestige_splash_12,rank_icon_prestige_splash_13,rank_icon_prestige_splash_14,rank_icon_prestige_splash_15,rank_icon_prestige_splash_18,rank_icon_prestige_splash_16,rank_icon_prestige_splash_19,rank_icon_prestige_splash_17,rank_icon_prestige_splash_20
46,rank_icon_splash_19,rank_icon_prestige_splash_1,rank_icon_prestige_splash_2,rank_icon_prestige_splash_3,rank_icon_prestige_splash_4,rank_icon_prestige_splash_5,rank_icon_prestige_splash_6,rank_icon_prestige_splash_7,rank_icon_prestige_splash_8,rank_icon_prestige_splash_9,rank_icon_prestige_splash_10,rank_icon_prestige_splash_23,rank_icon_prestige_splash_22,rank_icon_prestige_splash_21,rank_icon_prestige_splash_24,rank_icon_prestige_splash_25,rank_icon_prestige_splash_27,rank_icon_prestige_splash_26,rank_icon_prestige_splash_28,rank_icon_prestige_splash_29,rank_icon_prestige_splash_30,rank_icon_prestige_splash_11,rank_icon_prestige_splash_12,rank_icon_prestige_splash_13,rank_icon_prestige_splash_14,rank_icon_prestige_splash_15,rank_icon_prestige_splash_18,rank_icon_prestige_splash_16,rank_icon_prestige_splash_19,rank_icon_prestige_splash_17,rank_icon_prestige_splash_20
47,rank_icon_splash_20,rank_icon_prestige_splash_1,rank_icon_prestige_splash_2,rank_icon_prestige_splash_3,rank_icon_prestige_splash_4,rank_icon_prestige_splash_5,rank_icon_prestige_splash_6,rank_icon_prestige_splash_7,rank_icon_prestige_splash_8,rank_icon_prestige_splash_9,rank_icon_prestige_splash_10,rank_icon_prestige_splash_23,rank_icon_prestige_splash_22,rank_icon_prestige_splash_21,rank_icon_prestige_splash_24,rank_icon_prestige_splash_25,rank_icon_prestige_splash_27,rank_icon_prestige_splash_26,rank_icon_prestige_splash_28,rank_icon_prestige_splash_29,rank_icon_prestige_splash_30,rank_icon_prestige_splash_11,rank_icon_prestige_splash_12,rank_icon_prestige_splash_13,rank_icon_prestige_splash_14,rank_icon_prestige_splash_15,rank_icon_prestige_splash_18,rank_icon_prestige_splash_16,rank_icon_prestige_splash_19,rank_icon_prestige_splash_17,rank_icon_prestige_splash_20
48,rank_icon_splash_20,rank_icon_prestige_splash_1,rank_icon_prestige_splash_2,rank_icon_prestige_splash_3,rank_icon_prestige_splash_4,rank_icon_prestige_splash_5,rank_icon_prestige_splash_6,rank_icon_prestige_splash_7,rank_icon_prestige_splash_8,rank_icon_prestige_splash_9,rank_icon_prestige_splash_10,rank_icon_prestige_splash_23,rank_icon_prestige_splash_22,rank_icon_prestige_splash_21,rank_icon_prestige_splash_24,rank_icon_prestige_splash_25,rank_icon_prestige_splash_27,rank_icon_prestige_splash_26,rank_icon_prestige_splash_28,rank_icon_prestige_splash_29,rank_icon_prestige_splash_30,rank_icon_prestige_splash_11,rank_icon_prestige_splash_12,rank_icon_prestige_splash_13,rank_icon_prestige_splash_14,rank_icon_prestige_splash_15,rank_icon_prestige_splash_18,rank_icon_prestige_splash_16,rank_icon_prestige_splash_19,rank_icon_prestige_splash_17,rank_icon_prestige_splash_20
49,rank_icon_splash_21,rank_icon_prestige_splash_1,rank_icon_prestige_splash_2,rank_icon_prestige_splash_3,rank_icon_prestige_splash_4,rank_icon_prestige_splash_5,rank_icon_prestige_splash_6,rank_icon_prestige_splash_7,rank_icon_prestige_splash_8,rank_icon_prestige_splash_9,rank_icon_prestige_splash_10,rank_icon_prestige_splash_23,rank_icon_prestige_splash_22,rank_icon_prestige_splash_21,rank_icon_prestige_splash_24,rank_icon_prestige_splash_25,rank_icon_prestige_splash_27,rank_icon_prestige_splash_26,rank_icon_prestige_splash_28,rank_icon_prestige_splash_29,rank_icon_prestige_splash_30,rank_icon_prestige_splash_11,rank_icon_prestige_splash_12,rank_icon_prestige_splash_13,rank_icon_prestige_splash_14,rank_icon_prestige_splash_15,rank_icon_prestige_splash_18,rank_icon_prestige_splash_16,rank_icon_prestige_splash_19,rank_icon_prestige_splash_17,rank_icon_prestige_splash_20
50,rank_icon_splash_21,rank_icon_prestige_splash_1,rank_icon_prestige_splash_2,rank_icon_prestige_splash_3,rank_icon_prestige_splash_4,rank_icon_prestige_splash_5,rank_icon_prestige_splash_6,rank_icon_prestige_splash_7,rank_icon_prestige_splash_8,rank_icon_prestige_splash_9,rank_icon_prestige_splash_10,rank_icon_prestige_splash_23,rank_icon_prestige_splash_22,rank_icon_prestige_splash_21,rank_icon_prestige_splash_24,rank_icon_prestige_splash_25,rank_icon_prestige_splash_27,rank_icon_prestige_splash_26,rank_icon_prestige_splash_28,rank_icon_prestige_splash_29,rank_icon_prestige_splash_30,rank_icon_prestige_splash_11,rank_icon_prestige_splash_12,rank_icon_prestige_splash_13,rank_icon_prestige_splash_14,rank_icon_prestige_splash_15,rank_icon_prestige_splash_18,rank_icon_prestige_splash_16,rank_icon_prestige_splash_19,rank_icon_prestige_splash_17,rank_icon_prestige_splash_20
51,rank_icon_splash_22,rank_icon_prestige_splash_1,rank_icon_prestige_splash_2,rank_icon_prestige_splash_3,rank_icon_prestige_splash_4,rank_icon_prestige_splash_5,rank_icon_prestige_splash_6,rank_icon_prestige_splash_7,rank_icon_prestige_splash_8,rank_icon_prestige_splash_9,rank_icon_prestige_splash_10,rank_icon_prestige_splash_23,rank_icon_prestige_splash_22,rank_icon_prestige_splash_21,rank_icon_prestige_splash_24,rank_icon_prestige_splash_25,rank_icon_prestige_splash_27,rank_icon_prestige_splash_26,rank_icon_prestige_splash_28,rank_icon_prestige_splash_29,rank_icon_prestige_splash_30,rank_icon_prestige_splash_11,rank_icon_prestige_splash_12,rank_icon_prestige_splash_13,rank_icon_prestige_splash_14,rank_icon_prestige_splash_15,rank_icon_prestige_splash_18,rank_icon_prestige_splash_16,rank_icon_prestige_splash_19,rank_icon_prestige_splash_17,rank_icon_prestige_splash_20
52,rank_icon_splash_22,rank_icon_prestige_splash_1,rank_icon_prestige_splash_2,rank_icon_prestige_splash_3,rank_icon_prestige_splash_4,rank_icon_prestige_splash_5,rank_icon_prestige_splash_6,rank_icon_prestige_splash_7,rank_icon_prestige_splash_8,rank_icon_prestige_splash_9,rank_icon_prestige_splash_10,rank_icon_prestige_splash_23,rank_icon_prestige_splash_22,rank_icon_prestige_splash_21,rank_icon_prestige_splash_24,rank_icon_prestige_splash_25,rank_icon_prestige_splash_27,rank_icon_prestige_splash_26,rank_icon_prestige_splash_28,rank_icon_prestige_splash_29,rank_icon_prestige_splash_30,rank_icon_prestige_splash_11,rank_icon_prestige_splash_12,rank_icon_prestige_splash_13,rank_icon_prestige_splash_14,rank_icon_prestige_splash_15,rank_icon_prestige_splash_18,rank_icon_prestige_splash_16,rank_icon_prestige_splash_19,rank_icon_prestige_splash_17,rank_icon_prestige_splash_20
53,rank_icon_splash_23,rank_icon_prestige_splash_1,rank_icon_prestige_splash_2,rank_icon_prestige_splash_3,rank_icon_prestige_splash_4,rank_icon_prestige_splash_5,rank_icon_prestige_splash_6,rank_icon_prestige_splash_7,rank_icon_prestige_splash_8,rank_icon_prestige_splash_9,rank_icon_prestige_splash_10,rank_icon_prestige_splash_23,rank_icon_prestige_splash_22,rank_icon_prestige_splash_21,rank_icon_prestige_splash_24,rank_icon_prestige_splash_25,rank_icon_prestige_splash_27,rank_icon_prestige_splash_26,rank_icon_prestige_splash_28,rank_icon_prestige_splash_29,rank_icon_prestige_splash_30,rank_icon_prestige_splash_11,rank_icon_prestige_splash_12,rank_icon_prestige_splash_13,rank_icon_prestige_splash_14,rank_icon_prestige_splash_15,rank_icon_prestige_splash_18,rank_icon_prestige_splash_16,rank_icon_prestige_splash_19,rank_icon_prestige_splash_17,rank_icon_prestige_splash_20
54,rank_icon_splash_23,rank_icon_prestige_splash_1,rank_icon_prestige_splash_2,rank_icon_prestige_splash_3,rank_icon_prestige_splash_4,rank_icon_prestige_splash_5,rank_icon_prestige_splash_6,rank_icon_prestige_splash_7,rank_icon_prestige_splash_8,rank_icon_prestige_splash_9,rank_icon_prestige_splash_10,rank_icon_prestige_splash_23,rank_icon_prestige_splash_22,rank_icon_prestige_splash_21,rank_icon_prestige_splash_24,rank_icon_prestige_splash_25,rank_icon_prestige_splash_27,rank_icon_prestige_splash_26,rank_icon_prestige_splash_28,rank_icon_prestige_splash_29,rank_icon_prestige_splash_30,rank_icon_prestige_splash_11,rank_icon_prestige_splash_12,rank_icon_prestige_splash_13,rank_icon_prestige_splash_14,rank_icon_prestige_splash_15,rank_icon_prestige_splash_18,rank_icon_prestige_splash_16,rank_icon_prestige_splash_19,rank_icon_prestige_splash_17,rank_icon_prestige_splash_20
